,name,lat,lon,Unnamed: 0.4,Unnamed: 0.3,Unnamed: 0.2,Unnamed: 0.1,Unnamed: 0
0,ABA 24/7 - Phsar Thmey 2,11.5691358,104.9187285,,,,,
1,ABA 24/7 - Phsar Thmey 2,11.5691358,104.9187285,0.0,,,,
2,ABA 24/7 - Phsar Thmey 2,11.5691358,104.9187285,1.0,0.0,,,
3,ABA 24/7 - Phsar Thmey 2,11.5691358,104.9187285,2.0,1.0,0.0,,
4,ABA 24/7 - Phsar Thmey 2,11.5691358,104.9187285,3.0,2.0,1.0,0.0,
5,ABA 24/7 - Phsar Thmey 2,11.5691358,104.9187285,4.0,3.0,2.0,1.0,0.0
6,ABA ATM,11.5751716,104.9257393,5.0,4.0,3.0,2.0,1.0
7,CIMB Bank ATM,11.5737924,104.9214193,6.0,5.0,4.0,3.0,2.0
8,ABA ATM,11.5727412,104.924722,7.0,6.0,5.0,4.0,3.0
9,SATHAPANA Bank ATM,11.5751208,104.925748,8.0,7.0,6.0,5.0,4.0
10,KB PRASAC ATM - Cambodia Post,11.575103,104.9257227,9.0,8.0,7.0,6.0,5.0
11,BRED Bank (Cambodia) ATM,11.5760396,104.9260343,10.0,9.0,8.0,7.0,6.0
12,ATM ធនាគារ​ស្ថាបនា,11.5733853,104.9243431,11.0,10.0,9.0,8.0,7.0
13,ACLEDA Self Service Banking (ATM),11.5736403,104.928146,12.0,11.0,10.0,9.0,8.0
14,J Trust Royal ATM,11.5732879,104.928274,13.0,12.0,11.0,10.0,9.0
15,ATM ធនាគារ​កាណា​ឌីយ៉ា,11.5739375,104.9240625,14.0,13.0,12.0,11.0,10.0
16,ABA ATM,11.5739044,104.9213586,15.0,14.0,13.0,12.0,11.0
17,BRED Bank (Cambodia) ATM,11.5751649,104.9191807,16.0,15.0,14.0,13.0,12.0
18,Prince Bank ATM,11.5752067,104.9257212,17.0,16.0,15.0,14.0,13.0
19,FTB ATM,11.571755,104.921989,18.0,17.0,16.0,15.0,14.0
20,J Trust Royal ATM,11.57385,104.92793,19.0,18.0,17.0,16.0,15.0
21,J Trust Royal ATM,11.57304,104.92799,20.0,19.0,18.0,17.0,16.0
22,WOORI ATM - Total Station La Gare,11.5720868,104.9173203,21.0,20.0,19.0,18.0,17.0
23,SATHAPANA Bank ATM,11.5723333,104.9169385,22.0,21.0,20.0,19.0,18.0
24,ABA ATM,11.5647278,104.9194447,23.0,22.0,21.0,20.0,19.0
25,ABA ATM,11.5696252,104.9221409,24.0,23.0,22.0,21.0,20.0
26,FTB ATM,11.573818,104.917659,25.0,24.0,23.0,22.0,21.0
27,ABA ATM,11.5714881,104.9216299,26.0,25.0,24.0,23.0,22.0
28,WOORI ATM/Cash-In - Phsar Thmey Ti3,11.5689903,104.9222147,27.0,26.0,25.0,24.0,23.0
29,ATM Anytime,11.5683128,104.9250269,28.0,27.0,26.0,25.0,24.0
30,WOORI ATM /Cash-in - Mittapheap,11.567478,104.9114801,29.0,28.0,27.0,26.0,25.0
31,SATHAPANA Bank ATM,11.5655787,104.9220636,30.0,29.0,28.0,27.0,26.0
32,SATHAPANA Bank ATM,11.5686846,104.9121634,31.0,30.0,29.0,28.0,27.0
33,ABA ATM,11.5672821,104.9112152,32.0,31.0,30.0,29.0,28.0
34,ACLEDA ATM - Office of Council Ministers,11.5695113,104.912767,33.0,32.0,31.0,30.0,29.0
35,SBC ATM,11.5770203,104.9175873,34.0,33.0,32.0,31.0,30.0
36,KB PRASAC ATM - NUM University,11.5749981,104.9180102,35.0,34.0,33.0,32.0,31.0
37,ABA ATM/Cash-in Machine,11.5658125,104.914766,36.0,35.0,34.0,33.0,32.0
38,ANZ Royal ATM,11.5652609,104.9237102,37.0,36.0,35.0,34.0,33.0
39,Canadia Bank ATM,11.5674782,104.9229896,38.0,37.0,36.0,35.0,34.0
40,FTB ATM,11.5622237,104.9203581,39.0,38.0,37.0,36.0,35.0
41,ACLEDA Self Service Banking (ATM),11.5624016,104.9180371,40.0,39.0,38.0,37.0,36.0
42,Canadia Bank ATM,11.5736875,104.9211875,41.0,40.0,39.0,38.0,37.0
43,BRED Bank (Cambodia) ATM,11.5622771,104.920869,42.0,41.0,40.0,39.0,38.0
44,ACLEDA Self Service Banking (ATM),11.567361,104.924862,43.0,42.0,41.0,40.0,39.0
45,PPCBank ATM Cash In/Out (Ou Ruessei Branch),11.5601688,104.9195539,44.0,43.0,42.0,41.0,40.0
46,WOORI ATM - Preah Norodom Primary School,11.5682154,104.9249373,45.0,44.0,43.0,42.0,41.0
47,ATM Anytime,11.5695145,104.9271843,46.0,45.0,44.0,43.0,42.0
48,Sathapana Bank ATM,11.5726837,104.9239143,47.0,46.0,45.0,44.0,43.0
49,WOORI Self-banking (ATM/Cash-in) - Eden Garden,11.5767935,104.9115277,48.0,47.0,46.0,45.0,44.0
50,ACLEDA ATM - Amazon (Ang Doung),11.5727147,104.9238546,49.0,48.0,47.0,46.0,45.0
51,ACLEDA ATM - PSC Computer,11.5619459,104.9205654,50.0,49.0,48.0,47.0,46.0
52,ACLEDA ATM - Orussey Restaurant,11.562452,104.922298,51.0,50.0,49.0,48.0,47.0
53,FTB ATM,11.5667294,104.9266953,52.0,51.0,50.0,49.0,48.0
54,PPCBank ATM (Bak Touk Branch),11.5635538,104.9115884,53.0,52.0,51.0,50.0,49.0
55,ABA ATM,11.5619035,104.9223562,54.0,53.0,52.0,51.0,50.0
56,ABA ATM,11.5678399,104.9261947,55.0,54.0,53.0,52.0,51.0
57,Canadia Bank ATM,11.5652243,104.9237178,56.0,55.0,54.0,53.0,52.0
58,ACLEDA Self Service Banking (ATM),11.5764037,104.910912,57.0,56.0,55.0,54.0,53.0
59,ACLEDA ATM - Raffles Le Royal,11.57626,104.918709,58.0,57.0,56.0,55.0,54.0
60,ABA ATM/Cash-in Machine,11.5625722,104.9222116,59.0,58.0,57.0,56.0,55.0
61,ABA ATM,11.5630461,104.9122372,60.0,59.0,58.0,57.0,56.0
62,FTB ATM,11.5605459,104.9225013,61.0,60.0,59.0,58.0,57.0
63,BIDC Bank ATM,11.5652434,104.9237157,62.0,61.0,60.0,59.0,58.0
64,SATHAPANA Bank ATM,11.5633053,104.9118338,63.0,62.0,61.0,60.0,59.0
65,ATM ធនាគារ​អេស៊ីលីដា,11.5706511,104.9277121,64.0,63.0,62.0,61.0,60.0
66,SATHAPANA Bank ATM,11.561672,104.9144569,65.0,64.0,63.0,62.0,61.0
67,Canadia Bank ATM,11.5625971,104.9223029,66.0,65.0,64.0,63.0,62.0
68,J Trust Royal ATM,11.5666336,104.9269207,67.0,66.0,65.0,64.0,63.0
69,ABA ATM,11.5619736,104.9205599,68.0,67.0,66.0,65.0,64.0
70,SATHAPANA Bank ATM,11.5607014,104.9196744,69.0,68.0,67.0,66.0,65.0
71,KB PRASAC Bak Touk Branch_CDM_ATM,11.5643343,104.9116494,70.0,69.0,68.0,67.0,66.0
72,FTB ATM,11.5658671,104.9283595,71.0,70.0,69.0,68.0,67.0
73,ANZ Royal ATM,11.562565,104.9117885,72.0,71.0,70.0,69.0,68.0
74,KB PRASAC Phsar Kandal Branch_CDM_ATM,11.5716104,104.9276696,73.0,72.0,71.0,70.0,69.0
75,ACLEDA Self Service Banking (ATM),11.5736403,104.928146,74.0,73.0,72.0,71.0,70.0
76,Cambodian Public Bank ATM,11.5715171,104.9190381,75.0,74.0,73.0,72.0,71.0
77,ABA ATM,11.5727412,104.924722,76.0,75.0,74.0,73.0,72.0
78,ABA ATM,11.5751716,104.9257393,77.0,76.0,75.0,74.0,73.0
79,J Trust Royal ATM,11.57304,104.92799,78.0,77.0,76.0,75.0,74.0
80,ABA ATM,11.571777,104.9284741,79.0,78.0,77.0,76.0,75.0
81,BRED Bank (Cambodia) ATM,11.5760396,104.9260343,80.0,79.0,78.0,77.0,76.0
82,J Trust Royal ATM,11.57385,104.92793,81.0,80.0,79.0,78.0,77.0
83,Canadia Bank ATM,11.5730625,104.9285625,82.0,81.0,80.0,79.0,78.0
84,KB PRASAC ATM - Cambodia Post,11.575103,104.9257227,83.0,82.0,81.0,80.0,79.0
85,SATHAPANA Bank ATM,11.5706447,104.927775,84.0,83.0,82.0,81.0,80.0
86,J Trust Royal ATM,11.57157,104.92842,85.0,84.0,83.0,82.0,81.0
87,J Trust Royal ATM,11.5731043,104.9283025,86.0,85.0,84.0,83.0,82.0
88,Sathapana Bank ATM,11.5726837,104.9239143,87.0,86.0,85.0,84.0,83.0
89,ATM ធនាគារ​កាណា​ឌីយ៉ា,11.5739375,104.9240625,88.0,87.0,86.0,85.0,84.0
90,ABA ATM,11.5711135,104.9296447,89.0,88.0,87.0,86.0,85.0
91,Canadia Bank ATM,11.5709949,104.9296595,90.0,89.0,88.0,87.0,86.0
92,ABA ATM,11.5725229,104.9290007,91.0,90.0,89.0,88.0,87.0
93,ATM ធនាគារ​ស្ថាបនា,11.5733853,104.9243431,92.0,91.0,90.0,89.0,88.0
94,Canadia Bank ATM,11.5695458,104.927168,93.0,92.0,91.0,90.0,89.0
95,ACLEDA ATM - Amazon (Ang Doung),11.5727147,104.9238546,94.0,93.0,92.0,91.0,90.0
96,Prince Bank ATM,11.5752067,104.9257212,95.0,94.0,93.0,92.0,91.0
97,J Trust Royal ATM,11.5712801,104.9286859,96.0,95.0,94.0,93.0,92.0
98,FTB ATM,11.571755,104.921989,97.0,96.0,95.0,94.0,93.0
99,J Trust Royal ATM,11.5706457,104.9277746,98.0,97.0,96.0,95.0,94.0
100,KB PRASAC Phsar Thmei Branch_CDM_ATM,11.5695631,104.920076,99.0,98.0,97.0,96.0,95.0
101,SATHAPANA Bank ATM,11.5754394,104.9266948,100.0,99.0,98.0,97.0,96.0
102,ABA ATM,11.5714881,104.9216299,101.0,100.0,99.0,98.0,97.0
103,ABA ATM,11.5696252,104.9221409,102.0,101.0,100.0,99.0,98.0
104,SATHAPANA Bank ATM,11.5751208,104.925748,103.0,102.0,101.0,100.0,99.0
105,J Trust Royal ATM,11.5732879,104.928274,104.0,103.0,102.0,101.0,100.0
106,ABA ATM 204,11.5754226,104.9267208,105.0,104.0,103.0,102.0,101.0
107,ABA ATM,11.5739044,104.9213586,106.0,105.0,104.0,103.0,102.0
108,J Trust Royal ATM,11.5713,104.92923,107.0,106.0,105.0,104.0,103.0
109,ABA Bank ATM,11.569462,104.930142,108.0,107.0,106.0,105.0,104.0
110,WOORI ATM - River Bistro Restaurant and Lounge,11.5731212,104.9285625,109.0,108.0,107.0,106.0,105.0
111,ATM ធនាគារ​អេស៊ីលីដា,11.5706511,104.9277121,110.0,109.0,108.0,107.0,106.0
112,Canadia Bank ATM,11.5674782,104.9229896,111.0,110.0,109.0,108.0,107.0
113,J Trust Royal ATM,11.5700352,104.9299686,112.0,111.0,110.0,109.0,108.0
114,ABA ATM,11.5678399,104.9261947,113.0,112.0,111.0,110.0,109.0
115,ABA 24/7 Sokha Plaza,11.5682249,104.9287274,114.0,113.0,112.0,111.0,110.0
116,BRED Bank (Cambodia) ATM,11.5751649,104.9191807,115.0,114.0,113.0,112.0,111.0
117,ACLEDA ATM - Orussey Restaurant,11.562452,104.922298,116.0,115.0,114.0,113.0,112.0
118,ACLEDA ATM - Raintree,11.572165,104.919156,117.0,116.0,115.0,114.0,113.0
119,ACLEDA ATM - Amazon (Ang Doung),11.5727147,104.9238546,118.0,117.0,116.0,115.0,114.0
120,ACLEDA ATM - Central Park Sport Complex,11.5796837,104.9102343,119.0,118.0,117.0,116.0,115.0
121,ACLEDA Self Service Banking (ATM),11.567361,104.924862,120.0,119.0,118.0,117.0,116.0
122,ACLEDA Self Service Banking (ATM),11.5667984,104.9176846,121.0,120.0,119.0,118.0,117.0
123,ACLEDA ATM - Office of Council Ministers,11.5695113,104.912767,122.0,121.0,120.0,119.0,118.0
124,ACLEDA Bank ATM Khandale Mall,11.576444,104.9109005,123.0,122.0,121.0,120.0,119.0
125,ACLEDA ATM - PP Sorya Bus,11.568137,104.919861,124.0,123.0,122.0,121.0,120.0
126,ACLEDA Self Service Banking (ATM),11.5736403,104.928146,125.0,124.0,123.0,122.0,121.0
127,ACLEDA Self Service Banking (ATM),11.5624016,104.9180371,126.0,125.0,124.0,123.0,122.0
128,ACLEDA Self Service Banking (ATM),11.565749,104.9193062,127.0,126.0,125.0,124.0,123.0
129,ACLEDA ATM - Calmette,11.5811297,104.9164259,128.0,127.0,126.0,125.0,124.0
130,ATM Acleda Bank,11.5446213,104.9027851,129.0,128.0,127.0,126.0,125.0
131,ACLEDA ATM - Saravoan Techo,11.566635,104.92692,130.0,129.0,128.0,127.0,126.0
132,ACLEDA ATM - UCare Pharmacy,11.5443188,104.924075,131.0,130.0,129.0,128.0,127.0
133,ACLEDA Self Service Banking (ATM),11.5764037,104.910912,132.0,131.0,130.0,129.0,128.0
134,ACLEDA ATM - Phnom Penh Parking Centre,11.5560175,104.9316087,133.0,132.0,131.0,130.0,129.0
135,ACLEDA ATM - 313 Quayside,11.5679829,104.9306224,134.0,133.0,132.0,131.0,130.0
136,ACLEDA ATM - Mega Store,11.5477058,104.9144829,135.0,134.0,133.0,132.0,131.0
137,ACLEDA Self Service Banking (ATM),11.5509432,104.917349,136.0,135.0,134.0,133.0,132.0
138,ACLEDA Self Service Banking (ATM),11.5554028,104.9107559,137.0,136.0,135.0,134.0,133.0
139,ACLEDA Self Service Banking (ATM),11.5483028,104.9063995,138.0,137.0,136.0,135.0,134.0
140,ACLEDA ATM - Total Station (Tuol Kork),11.5768693,104.8997208,139.0,138.0,137.0,136.0,135.0
141,ATM ធនាគារ​អេស៊ីលីដា,11.5706511,104.9277121,140.0,139.0,138.0,137.0,136.0
142,ACLEDA Self Service Banking (ATM),11.5596543,104.9155444,141.0,140.0,139.0,138.0,137.0
143,ACLEDA Self Service Banking (ATM),11.5665164,104.8968091,142.0,141.0,140.0,139.0,138.0
144,ACLEDA ATM - Mongkol Building,11.550999,104.9251388,143.0,142.0,141.0,140.0,139.0
145,ACLEDA ATM - In & Out Market,11.5537815,104.9266263,144.0,143.0,142.0,141.0,140.0
146,ACLEDA ATM - Doctor Coffee,11.5798894,104.9207254,145.0,144.0,143.0,142.0,141.0
147,ACLEDA Self Service Banking (ATM),11.5539203,104.9324825,146.0,145.0,144.0,143.0,142.0
148,ACLEDA ATM - The Bridge,11.552048,104.935477,147.0,146.0,145.0,144.0,143.0
149,ACLEDA ATM - Prochea Prey Mart,11.586304,104.9069337,148.0,147.0,146.0,145.0,144.0
150,ACLEDA Self Service Banking (ATM),11.5618301,104.8957741,149.0,148.0,147.0,146.0,145.0
151,ACLEDA ATM - Caltex BoengKak,11.5743175,104.9042613,150.0,149.0,148.0,147.0,146.0
152,ACLEDA ATM - Brown 271,11.5375478,104.9104433,151.0,150.0,149.0,148.0,147.0
153,ACLEDA ATM - Chrouy Changvar Primary School,11.5822424,104.9282932,152.0,151.0,150.0,149.0,148.0
154,ACLEDA ATM - MILLENNIAL 360,11.5490649,104.9274401,153.0,152.0,151.0,150.0,149.0
155,ACLEDA ATM - ECO Town,11.5811473,104.8873201,154.0,153.0,152.0,151.0,150.0
156,ACLEDA ATM - GIA Tower,11.552603,104.94044,155.0,154.0,153.0,152.0,151.0
157,ACLEDA Self Service Banking (ATM),11.555766,104.886713,156.0,155.0,154.0,153.0,152.0
158,ACLEDA Self Service Banking (ATM),11.5643209,104.8870979,157.0,156.0,155.0,154.0,153.0
159,ACLEDA Self Service Banking (ATM),11.5487602,104.9242292,158.0,157.0,156.0,155.0,154.0
160,ACLEDA Self Service Banking (ATM),11.5730446,104.8725825,159.0,158.0,157.0,156.0,155.0
161,ACLEDA ATM,11.5415518,104.9172299,160.0,159.0,158.0,157.0,156.0
162,ACLEDA ATM - Building 34,11.5489442,104.9195205,161.0,160.0,159.0,158.0,157.0
163,ACLEDA ATM - Biomedic,11.578186,104.896019,162.0,161.0,160.0,159.0,158.0
164,ACLEDA ATM - Fair Plus (SMC),11.5432889,104.8939963,163.0,162.0,161.0,160.0,159.0
165,ACLEDA ATM - Starbucks,11.5886554,104.9274576,164.0,163.0,162.0,161.0,160.0
166,ACLEDA Self Service Banking (ATM),11.534088,104.914342,165.0,164.0,163.0,162.0,161.0
167,ACLEDA ATM - The Point Community Mall,11.5450272,104.9114315,166.0,165.0,164.0,163.0,162.0
168,ACLEDA ATM - Lucky Pavilion,11.5555588,104.9218647,167.0,166.0,165.0,164.0,163.0
169,ACLEDA ATM - PSC Computer,11.5619459,104.9205654,168.0,167.0,166.0,165.0,164.0
170,ACLEDA ATM - VIVA Star Coffee,11.5400639,104.9139176,169.0,168.0,167.0,166.0,165.0
171,ACLEDA Self Service Banking (ATM),11.59146,104.896565,170.0,169.0,168.0,167.0,166.0
172,ACLEDA Self Service Banking (ATM),11.6011433,104.9184958,171.0,170.0,169.0,168.0,167.0
173,ACLEDA ATM - Makro Sensok,11.593528,104.8811432,172.0,171.0,170.0,169.0,168.0
174,ACLEDA Self Service Banking (ATM),11.5551032,104.9284087,173.0,172.0,171.0,170.0,169.0
175,ACLEDA Self Service Banking (ATM),11.5843901,104.900255,174.0,173.0,172.0,171.0,170.0
176,ACLEDA ATM - Caltex Tuol Sangkae,11.5939606,104.911244,175.0,174.0,173.0,172.0,171.0
177,ACLEDA ATM - Mobile Coffee 155,11.5357036,104.9153396,176.0,175.0,174.0,173.0,172.0
178,ABA ATM,11.5751716,104.9257393,177.0,176.0,175.0,174.0,173.0
179,ABA 24/7 - Riverside,11.5704104,104.9298775,178.0,177.0,176.0,175.0,174.0
180,ABA ATM,11.5727412,104.924722,179.0,178.0,177.0,176.0,175.0
181,ABA 24/7 - Phsar Kandal,11.5681754,104.9285431,180.0,179.0,178.0,177.0,176.0
182,ABA ATM,11.5711135,104.9296447,181.0,180.0,179.0,178.0,177.0
183,ABA ATM,11.571777,104.9284741,182.0,181.0,180.0,179.0,178.0
184,ABA Bank ATM,11.569462,104.930142,183.0,182.0,181.0,180.0,179.0
185,ABA ATM,11.5739044,104.9213586,184.0,183.0,182.0,181.0,180.0
186,ABA 24/7 - Phsar Thmey 2,11.5691358,104.9187285,185.0,184.0,183.0,182.0,181.0
187,ABA ATM 204,11.5754226,104.9267208,186.0,185.0,184.0,183.0,182.0
188,ABA ATM,11.5714881,104.9216299,187.0,186.0,185.0,184.0,183.0
189,ABA 24/7 - Stade Chas,11.5854992,104.9156959,188.0,187.0,186.0,185.0,184.0
190,ABA 24/7 Sokha Plaza,11.5682249,104.9287274,189.0,188.0,187.0,186.0,185.0
191,ABA ATM,11.5725229,104.9290007,190.0,189.0,188.0,187.0,186.0
192,ABA ATM,11.5722381,104.9191084,191.0,190.0,189.0,188.0,187.0
193,ABA ATM,11.5696252,104.9221409,192.0,191.0,190.0,189.0,188.0
194,ABA 24/7 - Phsar Thmey 1,11.567923,104.9188993,193.0,192.0,191.0,190.0,189.0
195,ABA 24/7 - Neang​ Kong​ Hing,11.5623685,104.912678,194.0,193.0,192.0,191.0,190.0
196,ABA Bank ATM,11.5673156,104.928813,195.0,194.0,193.0,192.0,191.0
197,ABA ATM,11.5687687,104.9273433,196.0,195.0,194.0,193.0,192.0
198,ABA Bank ATM,,,197.0,196.0,195.0,194.0,193.0
199,ABA ATM,11.5666255,104.9269333,198.0,197.0,196.0,195.0,194.0
200,ABA ATM,11.5678399,104.9261947,199.0,198.0,197.0,196.0,195.0
201,ABA ATM,11.5665755,104.9298799,200.0,199.0,198.0,197.0,196.0
202,ABA ATM/Cash-in Machine,11.5709868,104.9158269,201.0,200.0,199.0,198.0,197.0
203,ABA ATM,11.5638042,104.9267509,202.0,201.0,200.0,199.0,198.0
204,ABA ATM,11.568629,104.9189,203.0,202.0,201.0,200.0,199.0
205,ABA ATM,11.5647278,104.9194447,204.0,203.0,202.0,201.0,200.0
206,ABA 24/7 - Phsar Olympic,11.5555083,104.9104824,205.0,204.0,203.0,202.0,201.0
207,ABA ATM/Cash-in Machine,11.5681648,104.9285563,206.0,205.0,204.0,203.0,202.0
208,ABA 24/7 - Wat​ Moha​ Montrei​,11.5558965,104.9144483,207.0,206.0,205.0,204.0,203.0
209,ABA 24/7 - Phsar​ Depo,11.5633179,104.9073825,208.0,207.0,206.0,205.0,204.0
210,ABA 24/7 - Phnom Penh Thmey,11.573783,104.8800935,209.0,208.0,207.0,206.0,205.0
211,ABA ATM,11.5619035,104.9223562,210.0,209.0,208.0,207.0,206.0
212,ABA ATM,11.559764,104.928009,211.0,210.0,209.0,208.0,207.0
213,ABA 24/7 - Camko,11.5912699,104.897069,212.0,211.0,210.0,209.0,208.0
214,ABA ATM,11.5647745,104.9272573,213.0,212.0,211.0,210.0,209.0
215,ABA ATM/Cash-in Machine,11.5821831,104.9283486,214.0,213.0,212.0,211.0,210.0
216,ABA ATM,11.555779,104.9225172,215.0,214.0,213.0,212.0,211.0
217,ABA ATM/Cash-in Machine,11.5625722,104.9222116,216.0,215.0,214.0,213.0,212.0
218,BRED Bank (Cambodia) ATM,11.5760396,104.9260343,217.0,216.0,215.0,214.0,213.0
219,ABA ATM,11.5609887,104.9353518,218.0,217.0,216.0,215.0,214.0
220,ABA ATM,11.5851753,104.9132698,219.0,218.0,217.0,216.0,215.0
221,ABA ATM,11.5685168,104.9198833,220.0,219.0,218.0,217.0,216.0
222,ABA 24/7 - Sovanna,11.5459388,104.8996718,221.0,220.0,219.0,218.0,217.0
223,ABA ATM,11.5550441,104.9247742,222.0,221.0,220.0,219.0,218.0
224,ABA 24/7 - Phsar Derm Kor,11.5517862,104.9020039,223.0,222.0,221.0,220.0,219.0
225,ABA ATM,11.5584075,104.9199997,224.0,223.0,222.0,221.0,220.0
226,ABA ATM,11.5951281,104.9310392,225.0,224.0,223.0,222.0,221.0
227,ABA ATM,11.5573081,104.9182943,226.0,225.0,224.0,223.0,222.0
228,ABA ATM,11.5630461,104.9122372,227.0,226.0,225.0,224.0,223.0
229,ABA 24/7 - Russey Keo,11.6092837,104.9175579,228.0,227.0,226.0,225.0,224.0
230,ABA 24/7 - Street 2004,11.5519643,104.8763438,229.0,228.0,227.0,226.0,225.0
231,ABA ATM/Cash-in Machine,11.5673623,104.9006269,230.0,229.0,228.0,227.0,226.0
232,ABA 24/7 - Chamkarmon,11.5440936,104.9281645,231.0,230.0,229.0,228.0,227.0
233,ABA ATM,11.5811389,104.916426,232.0,231.0,230.0,229.0,228.0
234,ABA ATM,11.5556934,104.9229791,233.0,232.0,231.0,230.0,229.0
235,ABA 24/7 - Pet Lok Sang,11.5617645,104.8905228,234.0,233.0,232.0,231.0,230.0
236,ABA ATM,11.5672821,104.9112152,235.0,234.0,233.0,232.0,231.0
237,ABA 24/7 - Pochentong,11.5624509,104.8562552,236.0,235.0,234.0,233.0,232.0
238,ABA ATM,11.5547467,104.9326993,237.0,236.0,235.0,234.0,233.0
239,ABA ATM,11.5523334,104.9354238,238.0,237.0,236.0,235.0,234.0
240,ABA ATM/Cash-in Machine,11.589313,104.9285263,239.0,238.0,237.0,236.0,235.0
241,ABA ATM,11.5719685,104.8991819,240.0,239.0,238.0,237.0,236.0
242,ABA ATM/Cash-in Machine,11.5658125,104.914766,241.0,240.0,239.0,238.0,237.0
243,ABA 24/7 - Boeung​ Trabek​,11.5348248,104.9235918,242.0,241.0,240.0,239.0,238.0
244,ABA ATM,11.5619736,104.9205599,243.0,242.0,241.0,240.0,239.0
245,ABA ATM,11.5494324,104.9241921,244.0,243.0,242.0,241.0,240.0
246,ABA ATM,11.5484794,104.9281963,245.0,244.0,243.0,242.0,241.0
247,ABA 24/7 - WB Arena,11.5102897,104.9373499,246.0,245.0,244.0,243.0,242.0
248,PPCBank ATM Cash In/Out (Ou Ruessei Branch),11.5601688,104.9195539,247.0,246.0,245.0,244.0,10.0
249,PPCBank ATM (Bak Touk Branch),11.5635538,104.9115884,248.0,247.0,246.0,245.0,12.0
250,KB PRASAC Bak Touk Branch_CDM_ATM,11.5643343,104.9116494,249.0,248.0,247.0,246.0,14.0
251,KB PRASAC Phsar Kandal Branch_CDM_ATM,11.5716104,104.9276696,250.0,249.0,248.0,247.0,15.0
252,KB PRASAC Phsar Thmei Branch_CDM_ATM,11.5695631,104.920076,251.0,250.0,249.0,248.0,20.0
253,ACLEDA ATM - Orussey Restaurant,11.562452,104.922298,252.0,251.0,250.0,249.0,
254,ACLEDA ATM - Raintree,11.572165,104.919156,253.0,252.0,251.0,250.0,
255,ACLEDA ATM - Amazon (Ang Doung),11.5727147,104.9238546,254.0,253.0,252.0,251.0,
256,ACLEDA ATM - Central Park Sport Complex,11.5796837,104.9102343,255.0,254.0,253.0,252.0,
257,ACLEDA Self Service Banking (ATM),11.567361,104.924862,256.0,255.0,254.0,253.0,
258,ACLEDA Self Service Banking (ATM),11.5667984,104.9176846,257.0,256.0,255.0,254.0,
259,ACLEDA ATM - Office of Council Ministers,11.5695113,104.912767,258.0,257.0,256.0,255.0,
260,ACLEDA Bank ATM Khandale Mall,11.576444,104.9109005,259.0,258.0,257.0,256.0,
261,ACLEDA ATM - PP Sorya Bus,11.568137,104.919861,260.0,259.0,258.0,257.0,
262,ACLEDA Self Service Banking (ATM),11.5736403,104.928146,261.0,260.0,259.0,258.0,
263,ACLEDA Self Service Banking (ATM),11.5624016,104.9180371,262.0,261.0,260.0,259.0,
264,ACLEDA Self Service Banking (ATM),11.565749,104.9193062,263.0,262.0,261.0,260.0,
265,ACLEDA ATM - Calmette,11.5811297,104.9164259,264.0,263.0,262.0,261.0,
266,ATM Acleda Bank,11.5446213,104.9027851,265.0,264.0,263.0,262.0,
267,ACLEDA ATM - Saravoan Techo,11.566635,104.92692,266.0,265.0,264.0,263.0,
268,ACLEDA ATM - UCare Pharmacy,11.5443188,104.924075,267.0,266.0,265.0,264.0,
269,ACLEDA Self Service Banking (ATM),11.5764037,104.910912,268.0,267.0,266.0,265.0,
270,ACLEDA ATM - Phnom Penh Parking Centre,11.5560175,104.9316087,269.0,268.0,267.0,266.0,
271,ACLEDA ATM - 313 Quayside,11.5679829,104.9306224,270.0,269.0,268.0,267.0,
272,ACLEDA ATM - Mega Store,11.5477058,104.9144829,271.0,270.0,269.0,268.0,
273,ACLEDA Self Service Banking (ATM),11.5509432,104.917349,272.0,271.0,270.0,269.0,
274,ACLEDA Self Service Banking (ATM),11.5554028,104.9107559,273.0,272.0,271.0,270.0,
275,ACLEDA Self Service Banking (ATM),11.5483028,104.9063995,274.0,273.0,272.0,271.0,
276,ACLEDA ATM - Total Station (Tuol Kork),11.5768693,104.8997208,275.0,274.0,273.0,272.0,
277,ATM ធនាគារ​អេស៊ីលីដា,11.5706511,104.9277121,276.0,275.0,274.0,273.0,
278,ACLEDA Self Service Banking (ATM),11.5596543,104.9155444,277.0,276.0,275.0,274.0,
279,ACLEDA Self Service Banking (ATM),11.5665164,104.8968091,278.0,277.0,276.0,275.0,
280,ACLEDA ATM - Mongkol Building,11.550999,104.9251388,279.0,278.0,277.0,276.0,
281,ACLEDA ATM - In & Out Market,11.5537815,104.9266263,280.0,279.0,278.0,277.0,
282,ACLEDA ATM - Doctor Coffee,11.5798894,104.9207254,281.0,280.0,279.0,278.0,
283,ACLEDA Self Service Banking (ATM),11.5539203,104.9324825,282.0,281.0,280.0,279.0,
284,ACLEDA ATM - The Bridge,11.552048,104.935477,283.0,282.0,281.0,280.0,
285,ACLEDA ATM - Prochea Prey Mart,11.586304,104.9069337,284.0,283.0,282.0,281.0,
286,ACLEDA Self Service Banking (ATM),11.5618301,104.8957741,285.0,284.0,283.0,282.0,
287,ACLEDA ATM - Caltex BoengKak,11.5743175,104.9042613,286.0,285.0,284.0,283.0,
288,ACLEDA ATM - Brown 271,11.5375478,104.9104433,287.0,286.0,285.0,284.0,
289,ACLEDA ATM - Chrouy Changvar Primary School,11.5822424,104.9282932,288.0,287.0,286.0,285.0,
290,ACLEDA ATM - MILLENNIAL 360,11.5490649,104.9274401,289.0,288.0,287.0,286.0,
291,ACLEDA ATM - ECO Town,11.5811473,104.8873201,290.0,289.0,288.0,287.0,
292,ACLEDA ATM - GIA Tower,11.552603,104.94044,291.0,290.0,289.0,288.0,
293,ACLEDA Self Service Banking (ATM),11.555766,104.886713,292.0,291.0,290.0,289.0,
294,ACLEDA Self Service Banking (ATM),11.5643209,104.8870979,293.0,292.0,291.0,290.0,
295,ACLEDA Self Service Banking (ATM),11.5487602,104.9242292,294.0,293.0,292.0,291.0,
296,ACLEDA Self Service Banking (ATM),11.5730446,104.8725825,295.0,294.0,293.0,292.0,
297,ACLEDA ATM,11.5415518,104.9172299,296.0,295.0,294.0,293.0,
298,ACLEDA ATM - Building 34,11.5489442,104.9195205,297.0,296.0,295.0,294.0,
299,ACLEDA ATM - Biomedic,11.578186,104.896019,298.0,297.0,296.0,295.0,
300,ACLEDA ATM - Fair Plus (SMC),11.5432889,104.8939963,299.0,298.0,297.0,296.0,
301,ACLEDA ATM - Starbucks,11.5886554,104.9274576,300.0,299.0,298.0,297.0,
302,ACLEDA Self Service Banking (ATM),11.534088,104.914342,301.0,300.0,299.0,298.0,
303,ACLEDA ATM - The Point Community Mall,11.5450272,104.9114315,302.0,301.0,300.0,299.0,
304,ACLEDA ATM - Lucky Pavilion,11.5555588,104.9218647,303.0,302.0,301.0,300.0,
305,ACLEDA ATM - PSC Computer,11.5619459,104.9205654,304.0,303.0,302.0,301.0,
306,ACLEDA ATM - VIVA Star Coffee,11.5400639,104.9139176,305.0,304.0,303.0,302.0,
307,ACLEDA Self Service Banking (ATM),11.59146,104.896565,306.0,305.0,304.0,303.0,
308,ACLEDA Self Service Banking (ATM),11.6011433,104.9184958,307.0,306.0,305.0,304.0,
309,ACLEDA ATM - Makro Sensok,11.593528,104.8811432,308.0,307.0,306.0,305.0,
310,ACLEDA Self Service Banking (ATM),11.5551032,104.9284087,309.0,308.0,307.0,306.0,
311,ACLEDA Self Service Banking (ATM),11.5843901,104.900255,310.0,309.0,308.0,307.0,
312,ACLEDA ATM - Caltex Tuol Sangkae,11.5939606,104.911244,311.0,310.0,309.0,308.0,
313,ACLEDA ATM - Mobile Coffee 155,11.5357036,104.9153396,312.0,311.0,310.0,309.0,
314,ABA ATM,11.5751716,104.9257393,313.0,312.0,311.0,310.0,
315,ABA 24/7 - Riverside,11.5704104,104.9298775,314.0,313.0,312.0,311.0,
316,ABA ATM,11.5727412,104.924722,315.0,314.0,313.0,312.0,
317,ABA 24/7 - Phsar Kandal,11.5681754,104.9285431,316.0,315.0,314.0,313.0,
318,ABA ATM,11.5711135,104.9296447,317.0,316.0,315.0,314.0,
319,ABA ATM,11.571777,104.9284741,318.0,317.0,316.0,315.0,
320,ABA Bank ATM,11.569462,104.930142,319.0,318.0,317.0,316.0,
321,ABA ATM,11.5739044,104.9213586,320.0,319.0,318.0,317.0,
322,ABA 24/7 - Phsar Thmey 2,11.5691358,104.9187285,321.0,320.0,319.0,318.0,
323,ABA ATM 204,11.5754226,104.9267208,322.0,321.0,320.0,319.0,
324,ABA ATM,11.5714881,104.9216299,323.0,322.0,321.0,320.0,
325,ABA 24/7 - Stade Chas,11.5854992,104.9156959,324.0,323.0,322.0,321.0,
326,ABA 24/7 Sokha Plaza,11.5682249,104.9287274,325.0,324.0,323.0,322.0,
327,ABA ATM,11.5725229,104.9290007,326.0,325.0,324.0,323.0,
328,ABA ATM,11.5722381,104.9191084,327.0,326.0,325.0,324.0,
329,ABA ATM,11.5696252,104.9221409,328.0,327.0,326.0,325.0,
330,ABA 24/7 - Phsar Thmey 1,11.567923,104.9188993,329.0,328.0,327.0,326.0,
331,ABA 24/7 - Neang​ Kong​ Hing,11.5623685,104.912678,330.0,329.0,328.0,327.0,
332,ABA Bank ATM,11.5673156,104.928813,331.0,330.0,329.0,328.0,
333,ABA ATM,11.5687687,104.9273433,332.0,331.0,330.0,329.0,
334,ABA Bank ATM,,,333.0,332.0,331.0,330.0,
335,ABA ATM,11.5666255,104.9269333,334.0,333.0,332.0,331.0,
336,ABA ATM,11.5678399,104.9261947,335.0,334.0,333.0,332.0,
337,ABA ATM,11.5665755,104.9298799,336.0,335.0,334.0,333.0,
338,ABA ATM/Cash-in Machine,11.5709868,104.9158269,337.0,336.0,335.0,334.0,
339,ABA ATM,11.5638042,104.9267509,338.0,337.0,336.0,335.0,
340,ABA ATM,11.568629,104.9189,339.0,338.0,337.0,336.0,
341,ABA ATM,11.5647278,104.9194447,340.0,339.0,338.0,337.0,
342,ABA 24/7 - Phsar Olympic,11.5555083,104.9104824,341.0,340.0,339.0,338.0,
343,ABA ATM/Cash-in Machine,11.5681648,104.9285563,342.0,341.0,340.0,339.0,
344,ABA 24/7 - Wat​ Moha​ Montrei​,11.5558965,104.9144483,343.0,342.0,341.0,340.0,
345,ABA 24/7 - Phsar​ Depo,11.5633179,104.9073825,344.0,343.0,342.0,341.0,
346,ABA 24/7 - Phnom Penh Thmey,11.573783,104.8800935,345.0,344.0,343.0,342.0,
347,ABA ATM,11.5619035,104.9223562,346.0,345.0,344.0,343.0,
348,ABA ATM,11.559764,104.928009,347.0,346.0,345.0,344.0,
349,ABA 24/7 - Camko,11.5912699,104.897069,348.0,347.0,346.0,345.0,
350,ABA ATM,11.5647745,104.9272573,349.0,348.0,347.0,346.0,
351,ABA ATM/Cash-in Machine,11.5821831,104.9283486,350.0,349.0,348.0,347.0,
352,ABA ATM,11.555779,104.9225172,351.0,350.0,349.0,348.0,
353,ABA ATM/Cash-in Machine,11.5625722,104.9222116,352.0,351.0,350.0,349.0,
354,BRED Bank (Cambodia) ATM,11.5760396,104.9260343,353.0,352.0,351.0,350.0,
355,ABA ATM,11.5609887,104.9353518,354.0,353.0,352.0,351.0,
356,ABA ATM,11.5851753,104.9132698,355.0,354.0,353.0,352.0,
357,ABA ATM,11.5685168,104.9198833,356.0,355.0,354.0,353.0,
358,ABA 24/7 - Sovanna,11.5459388,104.8996718,357.0,356.0,355.0,354.0,
359,ABA ATM,11.5550441,104.9247742,358.0,357.0,356.0,355.0,
360,ABA 24/7 - Phsar Derm Kor,11.5517862,104.9020039,359.0,358.0,357.0,356.0,
361,ABA ATM,11.5584075,104.9199997,360.0,359.0,358.0,357.0,
362,ABA ATM,11.5951281,104.9310392,361.0,360.0,359.0,358.0,
363,ABA ATM,11.5573081,104.9182943,362.0,361.0,360.0,359.0,
364,ABA ATM,11.5630461,104.9122372,363.0,362.0,361.0,360.0,
365,ABA 24/7 - Russey Keo,11.6092837,104.9175579,364.0,363.0,362.0,361.0,
366,ABA 24/7 - Street 2004,11.5519643,104.8763438,365.0,364.0,363.0,362.0,
367,ABA ATM/Cash-in Machine,11.5673623,104.9006269,366.0,365.0,364.0,363.0,
368,ABA 24/7 - Chamkarmon,11.5440936,104.9281645,367.0,366.0,365.0,364.0,
369,ABA ATM,11.5811389,104.916426,368.0,367.0,366.0,365.0,
370,ABA ATM,11.5556934,104.9229791,369.0,368.0,367.0,366.0,
371,ABA 24/7 - Pet Lok Sang,11.5617645,104.8905228,370.0,369.0,368.0,367.0,
372,ABA ATM,11.5672821,104.9112152,371.0,370.0,369.0,368.0,
373,ABA 24/7 - Pochentong,11.5624509,104.8562552,372.0,371.0,370.0,369.0,
374,ABA ATM,11.5547467,104.9326993,373.0,372.0,371.0,370.0,
375,ABA ATM,11.5523334,104.9354238,374.0,373.0,372.0,371.0,
376,ABA ATM/Cash-in Machine,11.589313,104.9285263,375.0,374.0,373.0,372.0,
377,ABA ATM,11.5719685,104.8991819,376.0,375.0,374.0,373.0,
378,ABA ATM/Cash-in Machine,11.5658125,104.914766,377.0,376.0,375.0,374.0,
379,ABA 24/7 - Boeung​ Trabek​,11.5348248,104.9235918,378.0,377.0,376.0,375.0,
380,ABA ATM,11.5619736,104.9205599,379.0,378.0,377.0,376.0,
381,ABA ATM,11.5494324,104.9241921,380.0,379.0,378.0,377.0,
382,ABA ATM,11.5484794,104.9281963,381.0,380.0,379.0,378.0,
383,ABA 24/7 - WB Arena,11.5102897,104.9373499,382.0,381.0,380.0,379.0,
384,PPCBank ATM Cash In/Out (Ou Ruessei Branch),11.5601688,104.9195539,383.0,382.0,381.0,8.0,40.0
385,PPCBank ATM (Bak Touk Branch),11.5635538,104.9115884,384.0,383.0,382.0,9.0,49.0
386,KB PRASAC Bak Touk Branch_CDM_ATM,11.5643343,104.9116494,385.0,384.0,383.0,10.0,66.0
387,KB PRASAC Phsar Kandal Branch_CDM_ATM,11.5716104,104.9276696,386.0,385.0,384.0,11.0,69.0
388,KB PRASAC Phsar Thmei Branch_CDM_ATM,11.5695631,104.920076,387.0,386.0,385.0,12.0,95.0
389,PPCBank ATM Cash In/Out (Ou Ruessei Branch),11.5601688,104.9195539,388.0,387.0,386.0,23.0,10.0
390,PPCBank ATM (Bak Touk Branch),11.5635538,104.9115884,389.0,388.0,387.0,25.0,12.0
391,KB PRASAC Bak Touk Branch_CDM_ATM,11.5643343,104.9116494,390.0,389.0,388.0,27.0,14.0
392,KB PRASAC Phsar Kandal Branch_CDM_ATM,11.5716104,104.9276696,391.0,390.0,389.0,28.0,15.0
393,KB PRASAC Phsar Thmei Branch_CDM_ATM,11.5695631,104.920076,392.0,391.0,390.0,33.0,20.0
394,ACLEDA ATM - Orussey Restaurant,11.562452,104.922298,393.0,392.0,391.0,,
395,ACLEDA ATM - Raintree,11.572165,104.919156,394.0,393.0,392.0,,
396,ACLEDA ATM - Amazon (Ang Doung),11.5727147,104.9238546,395.0,394.0,393.0,,
397,ACLEDA ATM - Central Park Sport Complex,11.5796837,104.9102343,396.0,395.0,394.0,,
398,ACLEDA Self Service Banking (ATM),11.567361,104.924862,397.0,396.0,395.0,,
399,ACLEDA Self Service Banking (ATM),11.5667984,104.9176846,398.0,397.0,396.0,,
400,ACLEDA ATM - Office of Council Ministers,11.5695113,104.912767,399.0,398.0,397.0,,
401,ACLEDA Bank ATM Khandale Mall,11.576444,104.9109005,400.0,399.0,398.0,,
402,ACLEDA ATM - PP Sorya Bus,11.568137,104.919861,401.0,400.0,399.0,,
403,ACLEDA Self Service Banking (ATM),11.5736403,104.928146,402.0,401.0,400.0,,
404,ACLEDA Self Service Banking (ATM),11.5624016,104.9180371,403.0,402.0,401.0,,
405,ACLEDA Self Service Banking (ATM),11.565749,104.9193062,404.0,403.0,402.0,,
406,ACLEDA ATM - Calmette,11.5811297,104.9164259,405.0,404.0,403.0,,
407,ATM Acleda Bank,11.5446213,104.9027851,406.0,405.0,404.0,,
408,ACLEDA ATM - Saravoan Techo,11.566635,104.92692,407.0,406.0,405.0,,
409,ACLEDA ATM - UCare Pharmacy,11.5443188,104.924075,408.0,407.0,406.0,,
410,ACLEDA Self Service Banking (ATM),11.5764037,104.910912,409.0,408.0,407.0,,
411,ACLEDA ATM - Phnom Penh Parking Centre,11.5560175,104.9316087,410.0,409.0,408.0,,
412,ACLEDA ATM - 313 Quayside,11.5679829,104.9306224,411.0,410.0,409.0,,
413,ACLEDA ATM - Mega Store,11.5477058,104.9144829,412.0,411.0,410.0,,
414,ACLEDA Self Service Banking (ATM),11.5509432,104.917349,413.0,412.0,411.0,,
415,ACLEDA Self Service Banking (ATM),11.5554028,104.9107559,414.0,413.0,412.0,,
416,ACLEDA Self Service Banking (ATM),11.5483028,104.9063995,415.0,414.0,413.0,,
417,ACLEDA ATM - Total Station (Tuol Kork),11.5768693,104.8997208,416.0,415.0,414.0,,
418,ATM ធនាគារ​អេស៊ីលីដា,11.5706511,104.9277121,417.0,416.0,415.0,,
419,ACLEDA Self Service Banking (ATM),11.5596543,104.9155444,418.0,417.0,416.0,,
420,ACLEDA Self Service Banking (ATM),11.5665164,104.8968091,419.0,418.0,417.0,,
421,ACLEDA ATM - Mongkol Building,11.550999,104.9251388,420.0,419.0,418.0,,
422,ACLEDA ATM - In & Out Market,11.5537815,104.9266263,421.0,420.0,419.0,,
423,ACLEDA ATM - Doctor Coffee,11.5798894,104.9207254,422.0,421.0,420.0,,
424,ACLEDA Self Service Banking (ATM),11.5539203,104.9324825,423.0,422.0,421.0,,
425,ACLEDA ATM - The Bridge,11.552048,104.935477,424.0,423.0,422.0,,
426,ACLEDA ATM - Prochea Prey Mart,11.586304,104.9069337,425.0,424.0,423.0,,
427,ACLEDA Self Service Banking (ATM),11.5618301,104.8957741,426.0,425.0,424.0,,
428,ACLEDA ATM - Caltex BoengKak,11.5743175,104.9042613,427.0,426.0,425.0,,
429,ACLEDA ATM - Brown 271,11.5375478,104.9104433,428.0,427.0,426.0,,
430,ACLEDA ATM - Chrouy Changvar Primary School,11.5822424,104.9282932,429.0,428.0,427.0,,
431,ACLEDA ATM - MILLENNIAL 360,11.5490649,104.9274401,430.0,429.0,428.0,,
432,ACLEDA ATM - ECO Town,11.5811473,104.8873201,431.0,430.0,429.0,,
433,ACLEDA ATM - GIA Tower,11.552603,104.94044,432.0,431.0,430.0,,
434,ACLEDA Self Service Banking (ATM),11.555766,104.886713,433.0,432.0,431.0,,
435,ACLEDA Self Service Banking (ATM),11.5643209,104.8870979,434.0,433.0,432.0,,
436,ACLEDA Self Service Banking (ATM),11.5487602,104.9242292,435.0,434.0,433.0,,
437,ACLEDA Self Service Banking (ATM),11.5730446,104.8725825,436.0,435.0,434.0,,
438,ACLEDA ATM,11.5415518,104.9172299,437.0,436.0,435.0,,
439,ACLEDA ATM - Building 34,11.5489442,104.9195205,438.0,437.0,436.0,,
440,ACLEDA ATM - Biomedic,11.578186,104.896019,439.0,438.0,437.0,,
441,ACLEDA ATM - Fair Plus (SMC),11.5432889,104.8939963,440.0,439.0,438.0,,
442,ACLEDA ATM - Starbucks,11.5886554,104.9274576,441.0,440.0,439.0,,
443,ACLEDA Self Service Banking (ATM),11.534088,104.914342,442.0,441.0,440.0,,
444,ACLEDA ATM - The Point Community Mall,11.5450272,104.9114315,443.0,442.0,441.0,,
445,ACLEDA ATM - Lucky Pavilion,11.5555588,104.9218647,444.0,443.0,442.0,,
446,ACLEDA ATM - PSC Computer,11.5619459,104.9205654,445.0,444.0,443.0,,
447,ACLEDA ATM - VIVA Star Coffee,11.5400639,104.9139176,446.0,445.0,444.0,,
448,ACLEDA Self Service Banking (ATM),11.59146,104.896565,447.0,446.0,445.0,,
449,ACLEDA Self Service Banking (ATM),11.6011433,104.9184958,448.0,447.0,446.0,,
450,ACLEDA ATM - Makro Sensok,11.593528,104.8811432,449.0,448.0,447.0,,
451,ACLEDA Self Service Banking (ATM),11.5551032,104.9284087,450.0,449.0,448.0,,
452,ACLEDA Self Service Banking (ATM),11.5843901,104.900255,451.0,450.0,449.0,,
453,ACLEDA ATM - Caltex Tuol Sangkae,11.5939606,104.911244,452.0,451.0,450.0,,
454,ACLEDA ATM - Mobile Coffee 155,11.5357036,104.9153396,453.0,452.0,451.0,,
455,ABA ATM,11.5751716,104.9257393,454.0,453.0,452.0,,
456,ABA 24/7 - Riverside,11.5704104,104.9298775,455.0,454.0,453.0,,
457,ABA ATM,11.5727412,104.924722,456.0,455.0,454.0,,
458,ABA 24/7 - Phsar Kandal,11.5681754,104.9285431,457.0,456.0,455.0,,
459,ABA ATM,11.5711135,104.9296447,458.0,457.0,456.0,,
460,ABA ATM,11.571777,104.9284741,459.0,458.0,457.0,,
461,ABA Bank ATM,11.569462,104.930142,460.0,459.0,458.0,,
462,ABA ATM,11.5739044,104.9213586,461.0,460.0,459.0,,
463,ABA 24/7 - Phsar Thmey 2,11.5691358,104.9187285,462.0,461.0,460.0,,
464,ABA ATM 204,11.5754226,104.9267208,463.0,462.0,461.0,,
465,ABA ATM,11.5714881,104.9216299,464.0,463.0,462.0,,
466,ABA 24/7 - Stade Chas,11.5854992,104.9156959,465.0,464.0,463.0,,
467,ABA 24/7 Sokha Plaza,11.5682249,104.9287274,466.0,465.0,464.0,,
468,ABA ATM,11.5725229,104.9290007,467.0,466.0,465.0,,
469,ABA ATM,11.5722381,104.9191084,468.0,467.0,466.0,,
470,ABA ATM,11.5696252,104.9221409,469.0,468.0,467.0,,
471,ABA 24/7 - Phsar Thmey 1,11.567923,104.9188993,470.0,469.0,468.0,,
472,ABA 24/7 - Neang​ Kong​ Hing,11.5623685,104.912678,471.0,470.0,469.0,,
473,ABA Bank ATM,11.5673156,104.928813,472.0,471.0,470.0,,
474,ABA ATM,11.5687687,104.9273433,473.0,472.0,471.0,,
475,ABA Bank ATM,,,474.0,473.0,472.0,,
476,ABA ATM,11.5666255,104.9269333,475.0,474.0,473.0,,
477,ABA ATM,11.5678399,104.9261947,476.0,475.0,474.0,,
478,ABA ATM,11.5665755,104.9298799,477.0,476.0,475.0,,
479,ABA ATM/Cash-in Machine,11.5709868,104.9158269,478.0,477.0,476.0,,
480,ABA ATM,11.5638042,104.9267509,479.0,478.0,477.0,,
481,ABA ATM,11.568629,104.9189,480.0,479.0,478.0,,
482,ABA ATM,11.5647278,104.9194447,481.0,480.0,479.0,,
483,ABA 24/7 - Phsar Olympic,11.5555083,104.9104824,482.0,481.0,480.0,,
484,ABA ATM/Cash-in Machine,11.5681648,104.9285563,483.0,482.0,481.0,,
485,ABA 24/7 - Wat​ Moha​ Montrei​,11.5558965,104.9144483,484.0,483.0,482.0,,
486,ABA 24/7 - Phsar​ Depo,11.5633179,104.9073825,485.0,484.0,483.0,,
487,ABA 24/7 - Phnom Penh Thmey,11.573783,104.8800935,486.0,485.0,484.0,,
488,ABA ATM,11.5619035,104.9223562,487.0,486.0,485.0,,
489,ABA ATM,11.559764,104.928009,488.0,487.0,486.0,,
490,ABA 24/7 - Camko,11.5912699,104.897069,489.0,488.0,487.0,,
491,ABA ATM,11.5647745,104.9272573,490.0,489.0,488.0,,
492,ABA ATM/Cash-in Machine,11.5821831,104.9283486,491.0,490.0,489.0,,
493,ABA ATM,11.555779,104.9225172,492.0,491.0,490.0,,
494,ABA ATM/Cash-in Machine,11.5625722,104.9222116,493.0,492.0,491.0,,
495,BRED Bank (Cambodia) ATM,11.5760396,104.9260343,494.0,493.0,492.0,,
496,ABA ATM,11.5609887,104.9353518,495.0,494.0,493.0,,
497,ABA ATM,11.5851753,104.9132698,496.0,495.0,494.0,,
498,ABA ATM,11.5685168,104.9198833,497.0,496.0,495.0,,
499,ABA 24/7 - Sovanna,11.5459388,104.8996718,498.0,497.0,496.0,,
500,ABA ATM,11.5550441,104.9247742,499.0,498.0,497.0,,
501,ABA 24/7 - Phsar Derm Kor,11.5517862,104.9020039,500.0,499.0,498.0,,
502,ABA ATM,11.5584075,104.9199997,501.0,500.0,499.0,,
503,ABA ATM,11.5951281,104.9310392,502.0,501.0,500.0,,
504,ABA ATM,11.5573081,104.9182943,503.0,502.0,501.0,,
505,ABA ATM,11.5630461,104.9122372,504.0,503.0,502.0,,
506,ABA 24/7 - Russey Keo,11.6092837,104.9175579,505.0,504.0,503.0,,
507,ABA 24/7 - Street 2004,11.5519643,104.8763438,506.0,505.0,504.0,,
508,ABA ATM/Cash-in Machine,11.5673623,104.9006269,507.0,506.0,505.0,,
509,ABA 24/7 - Chamkarmon,11.5440936,104.9281645,508.0,507.0,506.0,,
510,ABA ATM,11.5811389,104.916426,509.0,508.0,507.0,,
511,ABA ATM,11.5556934,104.9229791,510.0,509.0,508.0,,
512,ABA 24/7 - Pet Lok Sang,11.5617645,104.8905228,511.0,510.0,509.0,,
513,ABA ATM,11.5672821,104.9112152,512.0,511.0,510.0,,
514,ABA 24/7 - Pochentong,11.5624509,104.8562552,513.0,512.0,511.0,,
515,ABA ATM,11.5547467,104.9326993,514.0,513.0,512.0,,
516,ABA ATM,11.5523334,104.9354238,515.0,514.0,513.0,,
517,ABA ATM/Cash-in Machine,11.589313,104.9285263,516.0,515.0,514.0,,
518,ABA ATM,11.5719685,104.8991819,517.0,516.0,515.0,,
519,ABA ATM/Cash-in Machine,11.5658125,104.914766,518.0,517.0,516.0,,
520,ABA 24/7 - Boeung​ Trabek​,11.5348248,104.9235918,519.0,518.0,517.0,,
521,ABA ATM,11.5619736,104.9205599,520.0,519.0,518.0,,
522,ABA ATM,11.5494324,104.9241921,521.0,520.0,519.0,,
523,ABA ATM,11.5484794,104.9281963,522.0,521.0,520.0,,
524,ABA 24/7 - WB Arena,11.5102897,104.9373499,523.0,522.0,521.0,,
525,PPCBank ATM Cash In/Out (Ou Ruessei Branch),11.5601688,104.9195539,524.0,523.0,8.0,41.0,40.0
526,PPCBank ATM (Bak Touk Branch),11.5635538,104.9115884,525.0,524.0,9.0,50.0,49.0
527,KB PRASAC Bak Touk Branch_CDM_ATM,11.5643343,104.9116494,526.0,525.0,10.0,67.0,66.0
528,KB PRASAC Phsar Kandal Branch_CDM_ATM,11.5716104,104.9276696,527.0,526.0,11.0,70.0,69.0
529,KB PRASAC Phsar Thmei Branch_CDM_ATM,11.5695631,104.920076,528.0,527.0,12.0,96.0,95.0
530,PPCBank ATM Cash In/Out (Ou Ruessei Branch),11.5601688,104.9195539,529.0,528.0,13.0,244.0,10.0
531,PPCBank ATM (Bak Touk Branch),11.5635538,104.9115884,530.0,529.0,14.0,245.0,12.0
532,KB PRASAC Bak Touk Branch_CDM_ATM,11.5643343,104.9116494,531.0,530.0,15.0,246.0,14.0
533,KB PRASAC Phsar Kandal Branch_CDM_ATM,11.5716104,104.9276696,532.0,531.0,16.0,247.0,15.0
534,KB PRASAC Phsar Thmei Branch_CDM_ATM,11.5695631,104.920076,533.0,532.0,17.0,248.0,20.0
535,PPCBank ATM Cash In/Out (Ou Ruessei Branch),11.5601688,104.9195539,534.0,533.0,26.0,8.0,40.0
536,PPCBank ATM (Bak Touk Branch),11.5635538,104.9115884,535.0,534.0,27.0,9.0,49.0
537,KB PRASAC Bak Touk Branch_CDM_ATM,11.5643343,104.9116494,536.0,535.0,28.0,10.0,66.0
538,KB PRASAC Phsar Kandal Branch_CDM_ATM,11.5716104,104.9276696,537.0,536.0,29.0,11.0,69.0
539,KB PRASAC Phsar Thmei Branch_CDM_ATM,11.5695631,104.920076,538.0,537.0,30.0,12.0,95.0
540,PPCBank ATM Cash In/Out (Ou Ruessei Branch),11.5601688,104.9195539,539.0,538.0,41.0,23.0,10.0
541,PPCBank ATM (Bak Touk Branch),11.5635538,104.9115884,540.0,539.0,43.0,25.0,12.0
542,KB PRASAC Bak Touk Branch_CDM_ATM,11.5643343,104.9116494,541.0,540.0,45.0,27.0,14.0
543,KB PRASAC Phsar Kandal Branch_CDM_ATM,11.5716104,104.9276696,542.0,541.0,46.0,28.0,15.0
544,KB PRASAC Phsar Thmei Branch_CDM_ATM,11.5695631,104.920076,543.0,542.0,51.0,33.0,20.0
545,ACLEDA ATM - Orussey Restaurant,11.562452,104.922298,544.0,543.0,,,
546,ACLEDA ATM - Raintree,11.572165,104.919156,545.0,544.0,,,
547,ACLEDA ATM - Amazon (Ang Doung),11.5727147,104.9238546,546.0,545.0,,,
548,ACLEDA ATM - Central Park Sport Complex,11.5796837,104.9102343,547.0,546.0,,,
549,ACLEDA Self Service Banking (ATM),11.567361,104.924862,548.0,547.0,,,
550,ACLEDA Self Service Banking (ATM),11.5667984,104.9176846,549.0,548.0,,,
551,ACLEDA ATM - Office of Council Ministers,11.5695113,104.912767,550.0,549.0,,,
552,ACLEDA Bank ATM Khandale Mall,11.576444,104.9109005,551.0,550.0,,,
553,ACLEDA ATM - PP Sorya Bus,11.568137,104.919861,552.0,551.0,,,
554,ACLEDA Self Service Banking (ATM),11.5736403,104.928146,553.0,552.0,,,
555,ACLEDA Self Service Banking (ATM),11.5624016,104.9180371,554.0,553.0,,,
556,ACLEDA Self Service Banking (ATM),11.565749,104.9193062,555.0,554.0,,,
557,ACLEDA ATM - Calmette,11.5811297,104.9164259,556.0,555.0,,,
558,ATM Acleda Bank,11.5446213,104.9027851,557.0,556.0,,,
559,ACLEDA ATM - Saravoan Techo,11.566635,104.92692,558.0,557.0,,,
560,ACLEDA ATM - UCare Pharmacy,11.5443188,104.924075,559.0,558.0,,,
561,ACLEDA Self Service Banking (ATM),11.5764037,104.910912,560.0,559.0,,,
562,ACLEDA ATM - Phnom Penh Parking Centre,11.5560175,104.9316087,561.0,560.0,,,
563,ACLEDA ATM - 313 Quayside,11.5679829,104.9306224,562.0,561.0,,,
564,ACLEDA ATM - Mega Store,11.5477058,104.9144829,563.0,562.0,,,
565,ACLEDA Self Service Banking (ATM),11.5509432,104.917349,564.0,563.0,,,
566,ACLEDA Self Service Banking (ATM),11.5554028,104.9107559,565.0,564.0,,,
567,ACLEDA Self Service Banking (ATM),11.5483028,104.9063995,566.0,565.0,,,
568,ACLEDA ATM - Total Station (Tuol Kork),11.5768693,104.8997208,567.0,566.0,,,
569,ATM ធនាគារ​អេស៊ីលីដា,11.5706511,104.9277121,568.0,567.0,,,
570,ACLEDA Self Service Banking (ATM),11.5596543,104.9155444,569.0,568.0,,,
571,ACLEDA Self Service Banking (ATM),11.5665164,104.8968091,570.0,569.0,,,
572,ACLEDA ATM - Mongkol Building,11.550999,104.9251388,571.0,570.0,,,
573,ACLEDA ATM - In & Out Market,11.5537815,104.9266263,572.0,571.0,,,
574,ACLEDA ATM - Doctor Coffee,11.5798894,104.9207254,573.0,572.0,,,
575,ACLEDA Self Service Banking (ATM),11.5539203,104.9324825,574.0,573.0,,,
576,ACLEDA ATM - The Bridge,11.552048,104.935477,575.0,574.0,,,
577,ACLEDA ATM - Prochea Prey Mart,11.586304,104.9069337,576.0,575.0,,,
578,ACLEDA Self Service Banking (ATM),11.5618301,104.8957741,577.0,576.0,,,
579,ACLEDA ATM - Caltex BoengKak,11.5743175,104.9042613,578.0,577.0,,,
580,ACLEDA ATM - Brown 271,11.5375478,104.9104433,579.0,578.0,,,
581,ACLEDA ATM - Chrouy Changvar Primary School,11.5822424,104.9282932,580.0,579.0,,,
582,ACLEDA ATM - MILLENNIAL 360,11.5490649,104.9274401,581.0,580.0,,,
583,ACLEDA ATM - ECO Town,11.5811473,104.8873201,582.0,581.0,,,
584,ACLEDA ATM - GIA Tower,11.552603,104.94044,583.0,582.0,,,
585,ACLEDA Self Service Banking (ATM),11.555766,104.886713,584.0,583.0,,,
586,ACLEDA Self Service Banking (ATM),11.5643209,104.8870979,585.0,584.0,,,
587,ACLEDA Self Service Banking (ATM),11.5487602,104.9242292,586.0,585.0,,,
588,ACLEDA Self Service Banking (ATM),11.5730446,104.8725825,587.0,586.0,,,
589,ACLEDA ATM,11.5415518,104.9172299,588.0,587.0,,,
590,ACLEDA ATM - Building 34,11.5489442,104.9195205,589.0,588.0,,,
591,ACLEDA ATM - Biomedic,11.578186,104.896019,590.0,589.0,,,
592,ACLEDA ATM - Fair Plus (SMC),11.5432889,104.8939963,591.0,590.0,,,
593,ACLEDA ATM - Starbucks,11.5886554,104.9274576,592.0,591.0,,,
594,ACLEDA Self Service Banking (ATM),11.534088,104.914342,593.0,592.0,,,
595,ACLEDA ATM - The Point Community Mall,11.5450272,104.9114315,594.0,593.0,,,
596,ACLEDA ATM - Lucky Pavilion,11.5555588,104.9218647,595.0,594.0,,,
597,ACLEDA ATM - PSC Computer,11.5619459,104.9205654,596.0,595.0,,,
598,ACLEDA ATM - VIVA Star Coffee,11.5400639,104.9139176,597.0,596.0,,,
599,ACLEDA Self Service Banking (ATM),11.59146,104.896565,598.0,597.0,,,
600,ACLEDA Self Service Banking (ATM),11.6011433,104.9184958,599.0,598.0,,,
601,ACLEDA ATM - Makro Sensok,11.593528,104.8811432,600.0,599.0,,,
602,ACLEDA Self Service Banking (ATM),11.5551032,104.9284087,601.0,600.0,,,
603,ACLEDA Self Service Banking (ATM),11.5843901,104.900255,602.0,601.0,,,
604,ACLEDA ATM - Caltex Tuol Sangkae,11.5939606,104.911244,603.0,602.0,,,
605,ACLEDA ATM - Mobile Coffee 155,11.5357036,104.9153396,604.0,603.0,,,
606,ABA ATM,11.5751716,104.9257393,605.0,604.0,,,
607,ABA 24/7 - Riverside,11.5704104,104.9298775,606.0,605.0,,,
608,ABA ATM,11.5727412,104.924722,607.0,606.0,,,
609,ABA 24/7 - Phsar Kandal,11.5681754,104.9285431,608.0,607.0,,,
610,ABA ATM,11.5711135,104.9296447,609.0,608.0,,,
611,ABA ATM,11.571777,104.9284741,610.0,609.0,,,
612,ABA Bank ATM,11.569462,104.930142,611.0,610.0,,,
613,ABA ATM,11.5739044,104.9213586,612.0,611.0,,,
614,ABA 24/7 - Phsar Thmey 2,11.5691358,104.9187285,613.0,612.0,,,
615,ABA ATM 204,11.5754226,104.9267208,614.0,613.0,,,
616,ABA ATM,11.5714881,104.9216299,615.0,614.0,,,
617,ABA 24/7 - Stade Chas,11.5854992,104.9156959,616.0,615.0,,,
618,ABA 24/7 Sokha Plaza,11.5682249,104.9287274,617.0,616.0,,,
619,ABA ATM,11.5725229,104.9290007,618.0,617.0,,,
620,ABA ATM,11.5722381,104.9191084,619.0,618.0,,,
621,ABA ATM,11.5696252,104.9221409,620.0,619.0,,,
622,ABA 24/7 - Phsar Thmey 1,11.567923,104.9188993,621.0,620.0,,,
623,ABA 24/7 - Neang​ Kong​ Hing,11.5623685,104.912678,622.0,621.0,,,
624,ABA Bank ATM,11.5673156,104.928813,623.0,622.0,,,
625,ABA ATM,11.5687687,104.9273433,624.0,623.0,,,
626,ABA Bank ATM,,,625.0,624.0,,,
627,ABA ATM,11.5666255,104.9269333,626.0,625.0,,,
628,ABA ATM,11.5678399,104.9261947,627.0,626.0,,,
629,ABA ATM,11.5665755,104.9298799,628.0,627.0,,,
630,ABA ATM/Cash-in Machine,11.5709868,104.9158269,629.0,628.0,,,
631,ABA ATM,11.5638042,104.9267509,630.0,629.0,,,
632,ABA ATM,11.568629,104.9189,631.0,630.0,,,
633,ABA ATM,11.5647278,104.9194447,632.0,631.0,,,
634,ABA 24/7 - Phsar Olympic,11.5555083,104.9104824,633.0,632.0,,,
635,ABA ATM/Cash-in Machine,11.5681648,104.9285563,634.0,633.0,,,
636,ABA 24/7 - Wat​ Moha​ Montrei​,11.5558965,104.9144483,635.0,634.0,,,
637,ABA 24/7 - Phsar​ Depo,11.5633179,104.9073825,636.0,635.0,,,
638,ABA 24/7 - Phnom Penh Thmey,11.573783,104.8800935,637.0,636.0,,,
639,ABA ATM,11.5619035,104.9223562,638.0,637.0,,,
640,ABA ATM,11.559764,104.928009,639.0,638.0,,,
641,ABA 24/7 - Camko,11.5912699,104.897069,640.0,639.0,,,
642,ABA ATM,11.5647745,104.9272573,641.0,640.0,,,
643,ABA ATM/Cash-in Machine,11.5821831,104.9283486,642.0,641.0,,,
644,ABA ATM,11.555779,104.9225172,643.0,642.0,,,
645,ABA ATM/Cash-in Machine,11.5625722,104.9222116,644.0,643.0,,,
646,BRED Bank (Cambodia) ATM,11.5760396,104.9260343,645.0,644.0,,,
647,ABA ATM,11.5609887,104.9353518,646.0,645.0,,,
648,ABA ATM,11.5851753,104.9132698,647.0,646.0,,,
649,ABA ATM,11.5685168,104.9198833,648.0,647.0,,,
650,ABA 24/7 - Sovanna,11.5459388,104.8996718,649.0,648.0,,,
651,ABA ATM,11.5550441,104.9247742,650.0,649.0,,,
652,ABA 24/7 - Phsar Derm Kor,11.5517862,104.9020039,651.0,650.0,,,
653,ABA ATM,11.5584075,104.9199997,652.0,651.0,,,
654,ABA ATM,11.5951281,104.9310392,653.0,652.0,,,
655,ABA ATM,11.5573081,104.9182943,654.0,653.0,,,
656,ABA ATM,11.5630461,104.9122372,655.0,654.0,,,
657,ABA 24/7 - Russey Keo,11.6092837,104.9175579,656.0,655.0,,,
658,ABA 24/7 - Street 2004,11.5519643,104.8763438,657.0,656.0,,,
659,ABA ATM/Cash-in Machine,11.5673623,104.9006269,658.0,657.0,,,
660,ABA 24/7 - Chamkarmon,11.5440936,104.9281645,659.0,658.0,,,
661,ABA ATM,11.5811389,104.916426,660.0,659.0,,,
662,ABA ATM,11.5556934,104.9229791,661.0,660.0,,,
663,ABA 24/7 - Pet Lok Sang,11.5617645,104.8905228,662.0,661.0,,,
664,ABA ATM,11.5672821,104.9112152,663.0,662.0,,,
665,ABA 24/7 - Pochentong,11.5624509,104.8562552,664.0,663.0,,,
666,ABA ATM,11.5547467,104.9326993,665.0,664.0,,,
667,ABA ATM,11.5523334,104.9354238,666.0,665.0,,,
668,ABA ATM/Cash-in Machine,11.589313,104.9285263,667.0,666.0,,,
669,ABA ATM,11.5719685,104.8991819,668.0,667.0,,,
670,ABA ATM/Cash-in Machine,11.5658125,104.914766,669.0,668.0,,,
671,ABA 24/7 - Boeung​ Trabek​,11.5348248,104.9235918,670.0,669.0,,,
672,ABA ATM,11.5619736,104.9205599,671.0,670.0,,,
673,ABA ATM,11.5494324,104.9241921,672.0,671.0,,,
674,ABA ATM,11.5484794,104.9281963,673.0,672.0,,,
675,ABA 24/7 - WB Arena,11.5102897,104.9373499,674.0,673.0,,,
676,PPCBank ATM Cash In/Out (Ou Ruessei Branch),11.5601688,104.9195539,675.0,8.0,42.0,41.0,40.0
677,PPCBank ATM (Bak Touk Branch),11.5635538,104.9115884,676.0,9.0,51.0,50.0,49.0
678,KB PRASAC Bak Touk Branch_CDM_ATM,11.5643343,104.9116494,677.0,10.0,68.0,67.0,66.0
679,KB PRASAC Phsar Kandal Branch_CDM_ATM,11.5716104,104.9276696,678.0,11.0,71.0,70.0,69.0
680,KB PRASAC Phsar Thmei Branch_CDM_ATM,11.5695631,104.920076,679.0,12.0,97.0,96.0,95.0
681,PPCBank ATM Cash In/Out (Ou Ruessei Branch),11.5601688,104.9195539,680.0,13.0,245.0,244.0,10.0
682,PPCBank ATM (Bak Touk Branch),11.5635538,104.9115884,681.0,14.0,246.0,245.0,12.0
683,KB PRASAC Bak Touk Branch_CDM_ATM,11.5643343,104.9116494,682.0,15.0,247.0,246.0,14.0
684,KB PRASAC Phsar Kandal Branch_CDM_ATM,11.5716104,104.9276696,683.0,16.0,248.0,247.0,15.0
685,KB PRASAC Phsar Thmei Branch_CDM_ATM,11.5695631,104.920076,684.0,17.0,249.0,248.0,20.0
686,PPCBank ATM Cash In/Out (Ou Ruessei Branch),11.5601688,104.9195539,685.0,18.0,381.0,8.0,40.0
687,PPCBank ATM (Bak Touk Branch),11.5635538,104.9115884,686.0,19.0,382.0,9.0,49.0
688,KB PRASAC Bak Touk Branch_CDM_ATM,11.5643343,104.9116494,687.0,20.0,383.0,10.0,66.0
689,KB PRASAC Phsar Kandal Branch_CDM_ATM,11.5716104,104.9276696,688.0,21.0,384.0,11.0,69.0
690,KB PRASAC Phsar Thmei Branch_CDM_ATM,11.5695631,104.920076,689.0,22.0,385.0,12.0,95.0
691,PPCBank ATM Cash In/Out (Ou Ruessei Branch),11.5601688,104.9195539,690.0,23.0,386.0,23.0,10.0
692,PPCBank ATM (Bak Touk Branch),11.5635538,104.9115884,691.0,24.0,387.0,25.0,12.0
693,KB PRASAC Bak Touk Branch_CDM_ATM,11.5643343,104.9116494,692.0,25.0,388.0,27.0,14.0
694,KB PRASAC Phsar Kandal Branch_CDM_ATM,11.5716104,104.9276696,693.0,26.0,389.0,28.0,15.0
695,KB PRASAC Phsar Thmei Branch_CDM_ATM,11.5695631,104.920076,694.0,27.0,390.0,33.0,20.0
696,PPCBank ATM Cash In/Out (Ou Ruessei Branch),11.5601688,104.9195539,695.0,36.0,8.0,41.0,40.0
697,PPCBank ATM (Bak Touk Branch),11.5635538,104.9115884,696.0,37.0,9.0,50.0,49.0
698,KB PRASAC Bak Touk Branch_CDM_ATM,11.5643343,104.9116494,697.0,38.0,10.0,67.0,66.0
699,KB PRASAC Phsar Kandal Branch_CDM_ATM,11.5716104,104.9276696,698.0,39.0,11.0,70.0,69.0
700,KB PRASAC Phsar Thmei Branch_CDM_ATM,11.5695631,104.920076,699.0,40.0,12.0,96.0,95.0
701,PPCBank ATM Cash In/Out (Ou Ruessei Branch),11.5601688,104.9195539,700.0,41.0,13.0,244.0,10.0
702,PPCBank ATM (Bak Touk Branch),11.5635538,104.9115884,701.0,42.0,14.0,245.0,12.0
703,KB PRASAC Bak Touk Branch_CDM_ATM,11.5643343,104.9116494,702.0,43.0,15.0,246.0,14.0
704,KB PRASAC Phsar Kandal Branch_CDM_ATM,11.5716104,104.9276696,703.0,44.0,16.0,247.0,15.0
705,KB PRASAC Phsar Thmei Branch_CDM_ATM,11.5695631,104.920076,704.0,45.0,17.0,248.0,20.0
706,PPCBank ATM Cash In/Out (Ou Ruessei Branch),11.5601688,104.9195539,705.0,54.0,26.0,8.0,40.0
707,PPCBank ATM (Bak Touk Branch),11.5635538,104.9115884,706.0,55.0,27.0,9.0,49.0
708,KB PRASAC Bak Touk Branch_CDM_ATM,11.5643343,104.9116494,707.0,56.0,28.0,10.0,66.0
709,KB PRASAC Phsar Kandal Branch_CDM_ATM,11.5716104,104.9276696,708.0,57.0,29.0,11.0,69.0
710,KB PRASAC Phsar Thmei Branch_CDM_ATM,11.5695631,104.920076,709.0,58.0,30.0,12.0,95.0
711,PPCBank ATM Cash In/Out (Ou Ruessei Branch),11.5601688,104.9195539,710.0,69.0,41.0,23.0,10.0
712,PPCBank ATM (Bak Touk Branch),11.5635538,104.9115884,711.0,71.0,43.0,25.0,12.0
713,KB PRASAC Bak Touk Branch_CDM_ATM,11.5643343,104.9116494,712.0,73.0,45.0,27.0,14.0
714,KB PRASAC Phsar Kandal Branch_CDM_ATM,11.5716104,104.9276696,713.0,74.0,46.0,28.0,15.0
715,KB PRASAC Phsar Thmei Branch_CDM_ATM,11.5695631,104.920076,714.0,79.0,51.0,33.0,20.0
716,ACLEDA ATM - Orussey Restaurant,11.562452,104.922298,715.0,,,,
717,ACLEDA ATM - Raintree,11.572165,104.919156,716.0,,,,
718,ACLEDA ATM - Amazon (Ang Doung),11.5727147,104.9238546,717.0,,,,
719,ACLEDA ATM - Central Park Sport Complex,11.5796837,104.9102343,718.0,,,,
720,ACLEDA Self Service Banking (ATM),11.567361,104.924862,719.0,,,,
721,ACLEDA Self Service Banking (ATM),11.5667984,104.9176846,720.0,,,,
722,ACLEDA ATM - Office of Council Ministers,11.5695113,104.912767,721.0,,,,
723,ACLEDA Bank ATM Khandale Mall,11.576444,104.9109005,722.0,,,,
724,ACLEDA ATM - PP Sorya Bus,11.568137,104.919861,723.0,,,,
725,ACLEDA Self Service Banking (ATM),11.5736403,104.928146,724.0,,,,
726,ACLEDA Self Service Banking (ATM),11.5624016,104.9180371,725.0,,,,
727,ACLEDA Self Service Banking (ATM),11.565749,104.9193062,726.0,,,,
728,ACLEDA ATM - Calmette,11.5811297,104.9164259,727.0,,,,
729,ATM Acleda Bank,11.5446213,104.9027851,728.0,,,,
730,ACLEDA ATM - Saravoan Techo,11.566635,104.92692,729.0,,,,
731,ACLEDA ATM - UCare Pharmacy,11.5443188,104.924075,730.0,,,,
732,ACLEDA Self Service Banking (ATM),11.5764037,104.910912,731.0,,,,
733,ACLEDA ATM - Phnom Penh Parking Centre,11.5560175,104.9316087,732.0,,,,
734,ACLEDA ATM - 313 Quayside,11.5679829,104.9306224,733.0,,,,
735,ACLEDA ATM - Mega Store,11.5477058,104.9144829,734.0,,,,
736,ACLEDA Self Service Banking (ATM),11.5509432,104.917349,735.0,,,,
737,ACLEDA Self Service Banking (ATM),11.5554028,104.9107559,736.0,,,,
738,ACLEDA Self Service Banking (ATM),11.5483028,104.9063995,737.0,,,,
739,ACLEDA ATM - Total Station (Tuol Kork),11.5768693,104.8997208,738.0,,,,
740,ATM ធនាគារ​អេស៊ីលីដា,11.5706511,104.9277121,739.0,,,,
741,ACLEDA Self Service Banking (ATM),11.5596543,104.9155444,740.0,,,,
742,ACLEDA Self Service Banking (ATM),11.5665164,104.8968091,741.0,,,,
743,ACLEDA ATM - Mongkol Building,11.550999,104.9251388,742.0,,,,
744,ACLEDA ATM - In & Out Market,11.5537815,104.9266263,743.0,,,,
745,ACLEDA ATM - Doctor Coffee,11.5798894,104.9207254,744.0,,,,
746,ACLEDA Self Service Banking (ATM),11.5539203,104.9324825,745.0,,,,
747,ACLEDA ATM - The Bridge,11.552048,104.935477,746.0,,,,
748,ACLEDA ATM - Prochea Prey Mart,11.586304,104.9069337,747.0,,,,
749,ACLEDA Self Service Banking (ATM),11.5618301,104.8957741,748.0,,,,
750,ACLEDA ATM - Caltex BoengKak,11.5743175,104.9042613,749.0,,,,
751,ACLEDA ATM - Brown 271,11.5375478,104.9104433,750.0,,,,
752,ACLEDA ATM - Chrouy Changvar Primary School,11.5822424,104.9282932,751.0,,,,
753,ACLEDA ATM - MILLENNIAL 360,11.5490649,104.9274401,752.0,,,,
754,ACLEDA ATM - ECO Town,11.5811473,104.8873201,753.0,,,,
755,ACLEDA ATM - GIA Tower,11.552603,104.94044,754.0,,,,
756,ACLEDA Self Service Banking (ATM),11.555766,104.886713,755.0,,,,
757,ACLEDA Self Service Banking (ATM),11.5643209,104.8870979,756.0,,,,
758,ACLEDA Self Service Banking (ATM),11.5487602,104.9242292,757.0,,,,
759,ACLEDA Self Service Banking (ATM),11.5730446,104.8725825,758.0,,,,
760,ACLEDA ATM,11.5415518,104.9172299,759.0,,,,
761,ACLEDA ATM - Building 34,11.5489442,104.9195205,760.0,,,,
762,ACLEDA ATM - Biomedic,11.578186,104.896019,761.0,,,,
763,ACLEDA ATM - Fair Plus (SMC),11.5432889,104.8939963,762.0,,,,
764,ACLEDA ATM - Starbucks,11.5886554,104.9274576,763.0,,,,
765,ACLEDA Self Service Banking (ATM),11.534088,104.914342,764.0,,,,
766,ACLEDA ATM - The Point Community Mall,11.5450272,104.9114315,765.0,,,,
767,ACLEDA ATM - Lucky Pavilion,11.5555588,104.9218647,766.0,,,,
768,ACLEDA ATM - PSC Computer,11.5619459,104.9205654,767.0,,,,
769,ACLEDA ATM - VIVA Star Coffee,11.5400639,104.9139176,768.0,,,,
770,ACLEDA Self Service Banking (ATM),11.59146,104.896565,769.0,,,,
771,ACLEDA Self Service Banking (ATM),11.6011433,104.9184958,770.0,,,,
772,ACLEDA ATM - Makro Sensok,11.593528,104.8811432,771.0,,,,
773,ACLEDA Self Service Banking (ATM),11.5551032,104.9284087,772.0,,,,
774,ACLEDA Self Service Banking (ATM),11.5843901,104.900255,773.0,,,,
775,ACLEDA ATM - Caltex Tuol Sangkae,11.5939606,104.911244,774.0,,,,
776,ACLEDA ATM - Mobile Coffee 155,11.5357036,104.9153396,775.0,,,,
777,ABA ATM,11.5751716,104.9257393,776.0,,,,
778,ABA 24/7 - Riverside,11.5704104,104.9298775,777.0,,,,
779,ABA ATM,11.5727412,104.924722,778.0,,,,
780,ABA 24/7 - Phsar Kandal,11.5681754,104.9285431,779.0,,,,
781,ABA ATM,11.5711135,104.9296447,780.0,,,,
782,ABA ATM,11.571777,104.9284741,781.0,,,,
783,ABA Bank ATM,11.569462,104.930142,782.0,,,,
784,ABA ATM,11.5739044,104.9213586,783.0,,,,
785,ABA 24/7 - Phsar Thmey 2,11.5691358,104.9187285,784.0,,,,
786,ABA ATM 204,11.5754226,104.9267208,785.0,,,,
787,ABA ATM,11.5714881,104.9216299,786.0,,,,
788,ABA 24/7 - Stade Chas,11.5854992,104.9156959,787.0,,,,
789,ABA 24/7 Sokha Plaza,11.5682249,104.9287274,788.0,,,,
790,ABA ATM,11.5725229,104.9290007,789.0,,,,
791,ABA ATM,11.5722381,104.9191084,790.0,,,,
792,ABA ATM,11.5696252,104.9221409,791.0,,,,
793,ABA 24/7 - Phsar Thmey 1,11.567923,104.9188993,792.0,,,,
794,ABA 24/7 - Neang​ Kong​ Hing,11.5623685,104.912678,793.0,,,,
795,ABA Bank ATM,11.5673156,104.928813,794.0,,,,
796,ABA ATM,11.5687687,104.9273433,795.0,,,,
797,ABA Bank ATM,,,796.0,,,,
798,ABA ATM,11.5666255,104.9269333,797.0,,,,
799,ABA ATM,11.5678399,104.9261947,798.0,,,,
800,ABA ATM,11.5665755,104.9298799,799.0,,,,
801,ABA ATM/Cash-in Machine,11.5709868,104.9158269,800.0,,,,
802,ABA ATM,11.5638042,104.9267509,801.0,,,,
803,ABA ATM,11.568629,104.9189,802.0,,,,
804,ABA ATM,11.5647278,104.9194447,803.0,,,,
805,ABA 24/7 - Phsar Olympic,11.5555083,104.9104824,804.0,,,,
806,ABA ATM/Cash-in Machine,11.5681648,104.9285563,805.0,,,,
807,ABA 24/7 - Wat​ Moha​ Montrei​,11.5558965,104.9144483,806.0,,,,
808,ABA 24/7 - Phsar​ Depo,11.5633179,104.9073825,807.0,,,,
809,ABA 24/7 - Phnom Penh Thmey,11.573783,104.8800935,808.0,,,,
810,ABA ATM,11.5619035,104.9223562,809.0,,,,
811,ABA ATM,11.559764,104.928009,810.0,,,,
812,ABA 24/7 - Camko,11.5912699,104.897069,811.0,,,,
813,ABA ATM,11.5647745,104.9272573,812.0,,,,
814,ABA ATM/Cash-in Machine,11.5821831,104.9283486,813.0,,,,
815,ABA ATM,11.555779,104.9225172,814.0,,,,
816,ABA ATM/Cash-in Machine,11.5625722,104.9222116,815.0,,,,
817,BRED Bank (Cambodia) ATM,11.5760396,104.9260343,816.0,,,,
818,ABA ATM,11.5609887,104.9353518,817.0,,,,
819,ABA ATM,11.5851753,104.9132698,818.0,,,,
820,ABA ATM,11.5685168,104.9198833,819.0,,,,
821,ABA 24/7 - Sovanna,11.5459388,104.8996718,820.0,,,,
822,ABA ATM,11.5550441,104.9247742,821.0,,,,
823,ABA 24/7 - Phsar Derm Kor,11.5517862,104.9020039,822.0,,,,
824,ABA ATM,11.5584075,104.9199997,823.0,,,,
825,ABA ATM,11.5951281,104.9310392,824.0,,,,
826,ABA ATM,11.5573081,104.9182943,825.0,,,,
827,ABA ATM,11.5630461,104.9122372,826.0,,,,
828,ABA 24/7 - Russey Keo,11.6092837,104.9175579,827.0,,,,
829,ABA 24/7 - Street 2004,11.5519643,104.8763438,828.0,,,,
830,ABA ATM/Cash-in Machine,11.5673623,104.9006269,829.0,,,,
831,ABA 24/7 - Chamkarmon,11.5440936,104.9281645,830.0,,,,
832,ABA ATM,11.5811389,104.916426,831.0,,,,
833,ABA ATM,11.5556934,104.9229791,832.0,,,,
834,ABA 24/7 - Pet Lok Sang,11.5617645,104.8905228,833.0,,,,
835,ABA ATM,11.5672821,104.9112152,834.0,,,,
836,ABA 24/7 - Pochentong,11.5624509,104.8562552,835.0,,,,
837,ABA ATM,11.5547467,104.9326993,836.0,,,,
838,ABA ATM,11.5523334,104.9354238,837.0,,,,
839,ABA ATM/Cash-in Machine,11.589313,104.9285263,838.0,,,,
840,ABA ATM,11.5719685,104.8991819,839.0,,,,
841,ABA ATM/Cash-in Machine,11.5658125,104.914766,840.0,,,,
842,ABA 24/7 - Boeung​ Trabek​,11.5348248,104.9235918,841.0,,,,
843,ABA ATM,11.5619736,104.9205599,842.0,,,,
844,ABA ATM,11.5494324,104.9241921,843.0,,,,
845,ABA ATM,11.5484794,104.9281963,844.0,,,,
846,ABA 24/7 - WB Arena,11.5102897,104.9373499,845.0,,,,
847,PPCBank ATM Cash In/Out (Ou Ruessei Branch),11.5601688,104.9195539,8.0,43.0,42.0,41.0,40.0
848,PPCBank ATM (Bak Touk Branch),11.5635538,104.9115884,9.0,52.0,51.0,50.0,49.0
849,KB PRASAC Bak Touk Branch_CDM_ATM,11.5643343,104.9116494,10.0,69.0,68.0,67.0,66.0
850,KB PRASAC Phsar Kandal Branch_CDM_ATM,11.5716104,104.9276696,11.0,72.0,71.0,70.0,69.0
851,KB PRASAC Phsar Thmei Branch_CDM_ATM,11.5695631,104.920076,12.0,98.0,97.0,96.0,95.0
852,PPCBank ATM Cash In/Out (Ou Ruessei Branch),11.5601688,104.9195539,13.0,246.0,245.0,244.0,10.0
853,PPCBank ATM (Bak Touk Branch),11.5635538,104.9115884,14.0,247.0,246.0,245.0,12.0
854,KB PRASAC Bak Touk Branch_CDM_ATM,11.5643343,104.9116494,15.0,248.0,247.0,246.0,14.0
855,KB PRASAC Phsar Kandal Branch_CDM_ATM,11.5716104,104.9276696,16.0,249.0,248.0,247.0,15.0
856,KB PRASAC Phsar Thmei Branch_CDM_ATM,11.5695631,104.920076,17.0,250.0,249.0,248.0,20.0
857,PPCBank ATM Cash In/Out (Ou Ruessei Branch),11.5601688,104.9195539,18.0,382.0,381.0,8.0,40.0
858,PPCBank ATM (Bak Touk Branch),11.5635538,104.9115884,19.0,383.0,382.0,9.0,49.0
859,KB PRASAC Bak Touk Branch_CDM_ATM,11.5643343,104.9116494,20.0,384.0,383.0,10.0,66.0
860,KB PRASAC Phsar Kandal Branch_CDM_ATM,11.5716104,104.9276696,21.0,385.0,384.0,11.0,69.0
861,KB PRASAC Phsar Thmei Branch_CDM_ATM,11.5695631,104.920076,22.0,386.0,385.0,12.0,95.0
862,PPCBank ATM Cash In/Out (Ou Ruessei Branch),11.5601688,104.9195539,23.0,387.0,386.0,23.0,10.0
863,PPCBank ATM (Bak Touk Branch),11.5635538,104.9115884,24.0,388.0,387.0,25.0,12.0
864,KB PRASAC Bak Touk Branch_CDM_ATM,11.5643343,104.9116494,25.0,389.0,388.0,27.0,14.0
865,KB PRASAC Phsar Kandal Branch_CDM_ATM,11.5716104,104.9276696,26.0,390.0,389.0,28.0,15.0
866,KB PRASAC Phsar Thmei Branch_CDM_ATM,11.5695631,104.920076,27.0,391.0,390.0,33.0,20.0
867,PPCBank ATM Cash In/Out (Ou Ruessei Branch),11.5601688,104.9195539,28.0,523.0,8.0,41.0,40.0
868,PPCBank ATM (Bak Touk Branch),11.5635538,104.9115884,29.0,524.0,9.0,50.0,49.0
869,KB PRASAC Bak Touk Branch_CDM_ATM,11.5643343,104.9116494,30.0,525.0,10.0,67.0,66.0
870,KB PRASAC Phsar Kandal Branch_CDM_ATM,11.5716104,104.9276696,31.0,526.0,11.0,70.0,69.0
871,KB PRASAC Phsar Thmei Branch_CDM_ATM,11.5695631,104.920076,32.0,527.0,12.0,96.0,95.0
872,PPCBank ATM Cash In/Out (Ou Ruessei Branch),11.5601688,104.9195539,33.0,528.0,13.0,244.0,10.0
873,PPCBank ATM (Bak Touk Branch),11.5635538,104.9115884,34.0,529.0,14.0,245.0,12.0
874,KB PRASAC Bak Touk Branch_CDM_ATM,11.5643343,104.9116494,35.0,530.0,15.0,246.0,14.0
875,KB PRASAC Phsar Kandal Branch_CDM_ATM,11.5716104,104.9276696,36.0,531.0,16.0,247.0,15.0
876,KB PRASAC Phsar Thmei Branch_CDM_ATM,11.5695631,104.920076,37.0,532.0,17.0,248.0,20.0
877,PPCBank ATM Cash In/Out (Ou Ruessei Branch),11.5601688,104.9195539,38.0,533.0,26.0,8.0,40.0
878,PPCBank ATM (Bak Touk Branch),11.5635538,104.9115884,39.0,534.0,27.0,9.0,49.0
879,KB PRASAC Bak Touk Branch_CDM_ATM,11.5643343,104.9116494,40.0,535.0,28.0,10.0,66.0
880,KB PRASAC Phsar Kandal Branch_CDM_ATM,11.5716104,104.9276696,41.0,536.0,29.0,11.0,69.0
881,KB PRASAC Phsar Thmei Branch_CDM_ATM,11.5695631,104.920076,42.0,537.0,30.0,12.0,95.0
882,PPCBank ATM Cash In/Out (Ou Ruessei Branch),11.5601688,104.9195539,43.0,538.0,41.0,23.0,10.0
883,PPCBank ATM (Bak Touk Branch),11.5635538,104.9115884,44.0,539.0,43.0,25.0,12.0
884,KB PRASAC Bak Touk Branch_CDM_ATM,11.5643343,104.9116494,45.0,540.0,45.0,27.0,14.0
885,KB PRASAC Phsar Kandal Branch_CDM_ATM,11.5716104,104.9276696,46.0,541.0,46.0,28.0,15.0
886,KB PRASAC Phsar Thmei Branch_CDM_ATM,11.5695631,104.920076,47.0,542.0,51.0,33.0,20.0
887,PPCBank ATM Cash In/Out (Ou Ruessei Branch),11.5601688,104.9195539,56.0,8.0,42.0,41.0,40.0
888,PPCBank ATM (Bak Touk Branch),11.5635538,104.9115884,57.0,9.0,51.0,50.0,49.0
889,KB PRASAC Bak Touk Branch_CDM_ATM,11.5643343,104.9116494,58.0,10.0,68.0,67.0,66.0
890,KB PRASAC Phsar Kandal Branch_CDM_ATM,11.5716104,104.9276696,59.0,11.0,71.0,70.0,69.0
891,KB PRASAC Phsar Thmei Branch_CDM_ATM,11.5695631,104.920076,60.0,12.0,97.0,96.0,95.0
892,PPCBank ATM Cash In/Out (Ou Ruessei Branch),11.5601688,104.9195539,61.0,13.0,245.0,244.0,10.0
893,PPCBank ATM (Bak Touk Branch),11.5635538,104.9115884,62.0,14.0,246.0,245.0,12.0
894,KB PRASAC Bak Touk Branch_CDM_ATM,11.5643343,104.9116494,63.0,15.0,247.0,246.0,14.0
895,KB PRASAC Phsar Kandal Branch_CDM_ATM,11.5716104,104.9276696,64.0,16.0,248.0,247.0,15.0
896,KB PRASAC Phsar Thmei Branch_CDM_ATM,11.5695631,104.920076,65.0,17.0,249.0,248.0,20.0
897,PPCBank ATM Cash In/Out (Ou Ruessei Branch),11.5601688,104.9195539,66.0,18.0,381.0,8.0,40.0
898,PPCBank ATM (Bak Touk Branch),11.5635538,104.9115884,67.0,19.0,382.0,9.0,49.0
899,KB PRASAC Bak Touk Branch_CDM_ATM,11.5643343,104.9116494,68.0,20.0,383.0,10.0,66.0
900,KB PRASAC Phsar Kandal Branch_CDM_ATM,11.5716104,104.9276696,69.0,21.0,384.0,11.0,69.0
901,KB PRASAC Phsar Thmei Branch_CDM_ATM,11.5695631,104.920076,70.0,22.0,385.0,12.0,95.0
902,PPCBank ATM Cash In/Out (Ou Ruessei Branch),11.5601688,104.9195539,71.0,23.0,386.0,23.0,10.0
903,PPCBank ATM (Bak Touk Branch),11.5635538,104.9115884,72.0,24.0,387.0,25.0,12.0
904,KB PRASAC Bak Touk Branch_CDM_ATM,11.5643343,104.9116494,73.0,25.0,388.0,27.0,14.0
905,KB PRASAC Phsar Kandal Branch_CDM_ATM,11.5716104,104.9276696,74.0,26.0,389.0,28.0,15.0
906,KB PRASAC Phsar Thmei Branch_CDM_ATM,11.5695631,104.920076,75.0,27.0,390.0,33.0,20.0
907,PPCBank ATM Cash In/Out (Ou Ruessei Branch),11.5601688,104.9195539,84.0,36.0,8.0,41.0,40.0
908,PPCBank ATM (Bak Touk Branch),11.5635538,104.9115884,85.0,37.0,9.0,50.0,49.0
909,KB PRASAC Bak Touk Branch_CDM_ATM,11.5643343,104.9116494,86.0,38.0,10.0,67.0,66.0
910,KB PRASAC Phsar Kandal Branch_CDM_ATM,11.5716104,104.9276696,87.0,39.0,11.0,70.0,69.0
911,KB PRASAC Phsar Thmei Branch_CDM_ATM,11.5695631,104.920076,88.0,40.0,12.0,96.0,95.0
912,PPCBank ATM Cash In/Out (Ou Ruessei Branch),11.5601688,104.9195539,89.0,41.0,13.0,244.0,10.0
913,PPCBank ATM (Bak Touk Branch),11.5635538,104.9115884,90.0,42.0,14.0,245.0,12.0
914,KB PRASAC Bak Touk Branch_CDM_ATM,11.5643343,104.9116494,91.0,43.0,15.0,246.0,14.0
915,KB PRASAC Phsar Kandal Branch_CDM_ATM,11.5716104,104.9276696,92.0,44.0,16.0,247.0,15.0
916,KB PRASAC Phsar Thmei Branch_CDM_ATM,11.5695631,104.920076,93.0,45.0,17.0,248.0,20.0
917,PPCBank ATM Cash In/Out (Ou Ruessei Branch),11.5601688,104.9195539,102.0,54.0,26.0,8.0,40.0
918,PPCBank ATM (Bak Touk Branch),11.5635538,104.9115884,103.0,55.0,27.0,9.0,49.0
919,KB PRASAC Bak Touk Branch_CDM_ATM,11.5643343,104.9116494,104.0,56.0,28.0,10.0,66.0
920,KB PRASAC Phsar Kandal Branch_CDM_ATM,11.5716104,104.9276696,105.0,57.0,29.0,11.0,69.0
921,KB PRASAC Phsar Thmei Branch_CDM_ATM,11.5695631,104.920076,106.0,58.0,30.0,12.0,95.0
922,PPCBank ATM Cash In/Out (Ou Ruessei Branch),11.5601688,104.9195539,117.0,69.0,41.0,23.0,10.0
923,PPCBank ATM (Bak Touk Branch),11.5635538,104.9115884,119.0,71.0,43.0,25.0,12.0
924,KB PRASAC Bak Touk Branch_CDM_ATM,11.5643343,104.9116494,121.0,73.0,45.0,27.0,14.0
925,KB PRASAC Phsar Kandal Branch_CDM_ATM,11.5716104,104.9276696,122.0,74.0,46.0,28.0,15.0
926,KB PRASAC Phsar Thmei Branch_CDM_ATM,11.5695631,104.920076,127.0,79.0,51.0,33.0,20.0
927,ACLEDA ATM - Orussey Restaurant,11.562452,104.922298,,,,,
928,ACLEDA ATM - Raintree,11.572165,104.919156,,,,,
929,ACLEDA ATM - Amazon (Ang Doung),11.5727147,104.9238546,,,,,
930,ACLEDA ATM - Central Park Sport Complex,11.5796837,104.9102343,,,,,
931,ACLEDA Self Service Banking (ATM),11.567361,104.924862,,,,,
932,ACLEDA Self Service Banking (ATM),11.5667984,104.9176846,,,,,
933,ACLEDA ATM - Office of Council Ministers,11.5695113,104.912767,,,,,
934,ACLEDA Bank ATM Khandale Mall,11.576444,104.9109005,,,,,
935,ACLEDA ATM - PP Sorya Bus,11.568137,104.919861,,,,,
936,ACLEDA Self Service Banking (ATM),11.5736403,104.928146,,,,,
937,ACLEDA Self Service Banking (ATM),11.5624016,104.9180371,,,,,
938,ACLEDA Self Service Banking (ATM),11.565749,104.9193062,,,,,
939,ACLEDA ATM - Calmette,11.5811297,104.9164259,,,,,
940,ATM Acleda Bank,11.5446213,104.9027851,,,,,
941,ACLEDA ATM - Saravoan Techo,11.566635,104.92692,,,,,
942,ACLEDA ATM - UCare Pharmacy,11.5443188,104.924075,,,,,
943,ACLEDA Self Service Banking (ATM),11.5764037,104.910912,,,,,
944,ACLEDA ATM - Phnom Penh Parking Centre,11.5560175,104.9316087,,,,,
945,ACLEDA ATM - 313 Quayside,11.5679829,104.9306224,,,,,
946,ACLEDA ATM - Mega Store,11.5477058,104.9144829,,,,,
947,ACLEDA Self Service Banking (ATM),11.5509432,104.917349,,,,,
948,ACLEDA Self Service Banking (ATM),11.5554028,104.9107559,,,,,
949,ACLEDA Self Service Banking (ATM),11.5483028,104.9063995,,,,,
950,ACLEDA ATM - Total Station (Tuol Kork),11.5768693,104.8997208,,,,,
951,ATM ធនាគារ​អេស៊ីលីដា,11.5706511,104.9277121,,,,,
952,ACLEDA Self Service Banking (ATM),11.5596543,104.9155444,,,,,
953,ACLEDA Self Service Banking (ATM),11.5665164,104.8968091,,,,,
954,ACLEDA ATM - Mongkol Building,11.550999,104.9251388,,,,,
955,ACLEDA ATM - In & Out Market,11.5537815,104.9266263,,,,,
956,ACLEDA ATM - Doctor Coffee,11.5798894,104.9207254,,,,,
957,ACLEDA Self Service Banking (ATM),11.5539203,104.9324825,,,,,
958,ACLEDA ATM - The Bridge,11.552048,104.935477,,,,,
959,ACLEDA ATM - Prochea Prey Mart,11.586304,104.9069337,,,,,
960,ACLEDA Self Service Banking (ATM),11.5618301,104.8957741,,,,,
961,ACLEDA ATM - Caltex BoengKak,11.5743175,104.9042613,,,,,
962,ACLEDA ATM - Brown 271,11.5375478,104.9104433,,,,,
963,ACLEDA ATM - Chrouy Changvar Primary School,11.5822424,104.9282932,,,,,
964,ACLEDA ATM - MILLENNIAL 360,11.5490649,104.9274401,,,,,
965,ACLEDA ATM - ECO Town,11.5811473,104.8873201,,,,,
966,ACLEDA ATM - GIA Tower,11.552603,104.94044,,,,,
967,ACLEDA Self Service Banking (ATM),11.555766,104.886713,,,,,
968,ACLEDA Self Service Banking (ATM),11.5643209,104.8870979,,,,,
969,ACLEDA Self Service Banking (ATM),11.5487602,104.9242292,,,,,
970,ACLEDA Self Service Banking (ATM),11.5730446,104.8725825,,,,,
971,ACLEDA ATM,11.5415518,104.9172299,,,,,
972,ACLEDA ATM - Building 34,11.5489442,104.9195205,,,,,
973,ACLEDA ATM - Biomedic,11.578186,104.896019,,,,,
974,ACLEDA ATM - Fair Plus (SMC),11.5432889,104.8939963,,,,,
975,ACLEDA ATM - Starbucks,11.5886554,104.9274576,,,,,
976,ACLEDA Self Service Banking (ATM),11.534088,104.914342,,,,,
977,ACLEDA ATM - The Point Community Mall,11.5450272,104.9114315,,,,,
978,ACLEDA ATM - Lucky Pavilion,11.5555588,104.9218647,,,,,
979,ACLEDA ATM - PSC Computer,11.5619459,104.9205654,,,,,
980,ACLEDA ATM - VIVA Star Coffee,11.5400639,104.9139176,,,,,
981,ACLEDA Self Service Banking (ATM),11.59146,104.896565,,,,,
982,ACLEDA Self Service Banking (ATM),11.6011433,104.9184958,,,,,
983,ACLEDA ATM - Makro Sensok,11.593528,104.8811432,,,,,
984,ACLEDA Self Service Banking (ATM),11.5551032,104.9284087,,,,,
985,ACLEDA Self Service Banking (ATM),11.5843901,104.900255,,,,,
986,ACLEDA ATM - Caltex Tuol Sangkae,11.5939606,104.911244,,,,,
987,ACLEDA ATM - Mobile Coffee 155,11.5357036,104.9153396,,,,,
988,ABA ATM,11.5751716,104.9257393,,,,,
989,ABA 24/7 - Riverside,11.5704104,104.9298775,,,,,
990,ABA ATM,11.5727412,104.924722,,,,,
991,ABA 24/7 - Phsar Kandal,11.5681754,104.9285431,,,,,
992,ABA ATM,11.5711135,104.9296447,,,,,
993,ABA ATM,11.571777,104.9284741,,,,,
994,ABA Bank ATM,11.569462,104.930142,,,,,
995,ABA ATM,11.5739044,104.9213586,,,,,
996,ABA 24/7 - Phsar Thmey 2,11.5691358,104.9187285,,,,,
997,ABA ATM 204,11.5754226,104.9267208,,,,,
998,ABA ATM,11.5714881,104.9216299,,,,,
999,ABA 24/7 - Stade Chas,11.5854992,104.9156959,,,,,
1000,ABA 24/7 Sokha Plaza,11.5682249,104.9287274,,,,,
1001,ABA ATM,11.5725229,104.9290007,,,,,
1002,ABA ATM,11.5722381,104.9191084,,,,,
1003,ABA ATM,11.5696252,104.9221409,,,,,
1004,ABA 24/7 - Phsar Thmey 1,11.567923,104.9188993,,,,,
1005,ABA 24/7 - Neang​ Kong​ Hing,11.5623685,104.912678,,,,,
1006,ABA Bank ATM,11.5673156,104.928813,,,,,
1007,ABA ATM,11.5687687,104.9273433,,,,,
1008,ABA Bank ATM,,,,,,,
1009,ABA ATM,11.5666255,104.9269333,,,,,
1010,ABA ATM,11.5678399,104.9261947,,,,,
1011,ABA ATM,11.5665755,104.9298799,,,,,
1012,ABA ATM/Cash-in Machine,11.5709868,104.9158269,,,,,
1013,ABA ATM,11.5638042,104.9267509,,,,,
1014,ABA ATM,11.568629,104.9189,,,,,
1015,ABA ATM,11.5647278,104.9194447,,,,,
1016,ABA 24/7 - Phsar Olympic,11.5555083,104.9104824,,,,,
1017,ABA ATM/Cash-in Machine,11.5681648,104.9285563,,,,,
1018,ABA 24/7 - Wat​ Moha​ Montrei​,11.5558965,104.9144483,,,,,
1019,ABA 24/7 - Phsar​ Depo,11.5633179,104.9073825,,,,,
1020,ABA 24/7 - Phnom Penh Thmey,11.573783,104.8800935,,,,,
1021,ABA ATM,11.5619035,104.9223562,,,,,
1022,ABA ATM,11.559764,104.928009,,,,,
1023,ABA 24/7 - Camko,11.5912699,104.897069,,,,,
1024,ABA ATM,11.5647745,104.9272573,,,,,
1025,ABA ATM/Cash-in Machine,11.5821831,104.9283486,,,,,
1026,ABA ATM,11.555779,104.9225172,,,,,
1027,ABA ATM/Cash-in Machine,11.5625722,104.9222116,,,,,
1028,BRED Bank (Cambodia) ATM,11.5760396,104.9260343,,,,,
1029,ABA ATM,11.5609887,104.9353518,,,,,
1030,ABA ATM,11.5851753,104.9132698,,,,,
1031,ABA ATM,11.5685168,104.9198833,,,,,
1032,ABA 24/7 - Sovanna,11.5459388,104.8996718,,,,,
1033,ABA ATM,11.5550441,104.9247742,,,,,
1034,ABA 24/7 - Phsar Derm Kor,11.5517862,104.9020039,,,,,
1035,ABA ATM,11.5584075,104.9199997,,,,,
1036,ABA ATM,11.5951281,104.9310392,,,,,
1037,ABA ATM,11.5573081,104.9182943,,,,,
1038,ABA ATM,11.5630461,104.9122372,,,,,
1039,ABA 24/7 - Russey Keo,11.6092837,104.9175579,,,,,
1040,ABA 24/7 - Street 2004,11.5519643,104.8763438,,,,,
1041,ABA ATM/Cash-in Machine,11.5673623,104.9006269,,,,,
1042,ABA 24/7 - Chamkarmon,11.5440936,104.9281645,,,,,
1043,ABA ATM,11.5811389,104.916426,,,,,
1044,ABA ATM,11.5556934,104.9229791,,,,,
1045,ABA 24/7 - Pet Lok Sang,11.5617645,104.8905228,,,,,
1046,ABA ATM,11.5672821,104.9112152,,,,,
1047,ABA 24/7 - Pochentong,11.5624509,104.8562552,,,,,
1048,ABA ATM,11.5547467,104.9326993,,,,,
1049,ABA ATM,11.5523334,104.9354238,,,,,
1050,ABA ATM/Cash-in Machine,11.589313,104.9285263,,,,,
1051,ABA ATM,11.5719685,104.8991819,,,,,
1052,ABA ATM/Cash-in Machine,11.5658125,104.914766,,,,,
1053,ABA 24/7 - Boeung​ Trabek​,11.5348248,104.9235918,,,,,
1054,ABA ATM,11.5619736,104.9205599,,,,,
1055,ABA ATM,11.5494324,104.9241921,,,,,
1056,ABA ATM,11.5484794,104.9281963,,,,,
1057,ABA 24/7 - WB Arena,11.5102897,104.9373499,,,,,
